z,log_mstar,logstellardens,sigma
0.02125,10.245,9.11405,147.3046
0.06467,10.6109,8.99325,133.34019
0.09708,10.3386,8.6137,72.828
0.13471,11.0915,9.01417,226.981
0.0481,10.5349,8.78895,104.6077
0.09759,10.7723,9.23287,162.80859
0.0649,10.9032,8.78645,130.1812
0.11469,10.5439,8.82773,106.2679
0.05654,10.2833,9.19058,130.739
0.08377,11.2237,8.82761,198.3139
0.1254,10.63,8.70184,97.2768
0.13148,10.8985,8.35423,151.8708
0.12767,10.5616,8.58506,117.4146
0.06757,10.8887,8.90094,173.8163
0.13153,10.6335,8.3974,79.035
0.08934,10.7383,8.75107,121.5644
0.06935,10.3677,8.78562,77.6004
0.15369,11.2466,9.05713,177.8533
0.05289,10.7836,8.85194,145.2984
0.0526,10.4549,8.78764,74.4457
0.03076,10.119,9.13486,105.4659
0.03073,10.5245,8.8369,97.2328
0.03646,9.7535,7.86419,0.0
0.06295,10.7961,9.11732,171.34689
0.09138,10.62,9.26398,211.407
0.12541,10.782,8.63355,120.3895
0.06323,10.3566,9.2198,234.17641
0.06306,10.5722,9.06339,134.0425
0.09778,10.9245,9.19335,257.48181
0.14515,11.1522,8.93455,168.4091
0.09802,10.4129,8.72007,117.3024
0.1295,10.9593,8.83069,174.3905
0.14329,11.0979,8.73522,166.37621
0.09847,10.9259,9.08742,123.8533
0.09835,10.5371,8.66297,153.1351
0.06759,10.7659,9.119,185.3623
0.14258,10.9301,8.51934,99.5044
0.14585,11.0961,8.76098,152.963
0.14389,11.0781,8.85474,167.5726
0.06316,10.3191,9.00416,165.6794
0.16406,10.9846,8.99146,172.144
0.06086,10.7144,8.87018,141.8821
0.12591,10.4233,8.72955,68.4566
0.12125,10.6755,8.64266,103.0445
0.1486,10.818,8.20353,101.9793
0.09088,10.655,8.95184,219.6449
0.09002,10.671,8.88912,146.1664
0.07143,10.1339,8.46478,113.8769
0.11862,10.428,8.68517,115.9442
0.15107,10.844,8.79665,200.211
0.14828,11.0275,8.84603,255.1154
0.05129,10.5461,9.21525,129.5993
0.15153,11.0049,8.88257,181.74651
0.06225,10.2021,8.53673,56.3621
0.08263,10.634,8.9774,154.3716
0.16403,11.1451,8.65649,166.46989
0.06258,10.5922,8.99277,110.5225
0.15585,10.9684,8.89037,154.4059
0.12252,10.8156,8.68354,123.9591
0.09052,10.3688,8.69652,105.9089
0.12412,10.8833,8.81385,179.1122
0.12324,10.9099,8.81914,93.6345
0.11988,11.114,8.64443,102.7738
0.15152,10.9912,8.81379,183.34891
0.02662,9.9744,8.82684,66.8312
0.16424,11.0118,9.05027,224.0594
0.12228,10.6131,8.67972,122.0809
0.12239,10.5894,8.54565,62.8939
0.12329,10.6348,8.74062,139.4328
0.12412,10.776,8.88802,155.7852
0.12242,10.8628,8.43152,128.28819
0.14365,10.9067,8.80491,163.8999
0.0304,10.2837,8.47177,89.235
0.12224,10.7291,8.91511,180.6618
0.14457,11.1423,8.63597,127.0684
0.12567,11.084,8.83591,172.10471
0.12081,11.6179,8.86916,245.7459
0.21837,11.5544,9.04896,297.79001
0.03612,9.3614,7.55868,0.0
0.14422,11.1868,8.92333,171.2011
0.12069,10.7503,8.6395,196.8212
0.05743,10.454,8.95294,102.0715
0.12798,11.1919,8.96999,168.6797
0.02008,9.6264,9.44546,109.2726
0.09155,10.5299,8.51259,142.0108
0.16138,10.9722,8.4907,119.853
0.08647,10.9,9.18295,170.5556
0.03681,10.1133,8.72255,104.1617
0.06297,10.6175,8.78455,89.9776
0.06237,10.0748,8.9386,147.45081
0.06453,10.8211,8.74756,119.6419
0.06335,10.5456,8.72516,145.79691
0.08604,10.3503,8.47384,99.1419
0.09342,11.0112,9.01495,169.44971
0.0897,10.44,8.73396,168.4415
0.08971,10.7002,8.74438,131.72369
0.08974,10.7075,9.05227,192.3508
0.07063,9.994,8.87222,121.5775
0.08809,10.3446,8.66045,98.8878
0.1669,10.9683,8.84196,112.9439
0.13916,11.4608,8.82451,256.95639
0.09193,10.6953,8.7453,128.95171
0.06579,11.2192,8.83279,122.7837
0.08811,10.4879,8.52587,119.2914
0.09347,10.2161,8.49233,67.0117
0.11027,11.1531,8.91907,221.99339
0.15303,11.0379,8.25587,67.1061
0.09088,10.4928,8.68983,100.0048
0.07455,10.5508,9.0448,177.48511
0.0836,11.0899,8.84296,181.1037
0.13727,11.2317,8.86608,195.7404
0.13749,10.6614,8.52801,100.5345
0.08943,10.7029,8.84904,135.1134
0.08821,10.8951,8.85415,161.7141
0.02096,10.2698,9.31734,68.9268
0.08523,10.7594,9.12399,157.5667
0.13776,10.9921,8.65866,144.7231
0.2149,11.2389,8.68256,180.4897
0.12485,10.5669,8.62312,65.4004
0.09201,10.9347,8.94166,204.5168
0.08358,10.7996,8.92131,139.183
0.13307,10.873,8.75969,159.6563
0.10801,10.7952,8.81936,145.60989
0.08339,10.3672,8.80582,124.0296
0.16423,11.2816,8.75171,154.903
0.08368,10.9637,8.49672,104.2511
0.06544,10.3819,8.84539,129.5312
0.10719,10.7689,9.00925,124.5016
0.05177,10.714,8.96553,117.188
0.13276,10.9606,8.88262,145.86189
0.07924,10.5525,8.92234,121.5238
0.08041,10.2049,8.61966,85.5021
0.16106,10.9603,8.74498,121.7973
0.08107,10.5414,8.59811,30.9073
0.08926,10.9797,9.01103,181.61391
0.12754,11.0158,8.42496,92.076
0.06272,10.4574,8.98962,77.7689
0.12566,10.6375,8.36339,88.4638
0.06683,10.4566,8.65613,112.8763
0.08094,10.7726,9.01453,208.97639
0.09522,10.5634,8.38342,75.0994
0.0928,10.8837,9.25273,263.0524
0.1259,10.6784,8.92692,124.0261
0.06683,10.6897,8.80684,140.8886
0.12818,11.0468,8.90542,199.7605
0.06701,10.1862,8.91373,151.2471
0.08416,11.2401,8.96482,252.10091
0.05591,10.2649,8.72409,113.9231
0.02729,10.3795,9.2325,128.48399
0.02504,10.0156,8.54773,80.6864
0.03677,10.328,8.93725,103.9615
0.06938,10.8473,8.59786,84.2534
0.09893,10.8585,8.8392,144.642
0.07244,10.8116,8.91629,168.3273
0.13069,10.9943,9.14589,136.1946
0.06148,10.9919,9.03976,187.66991
0.08063,11.1511,9.18964,201.6963
0.09345,10.9766,9.17195,176.489
0.09394,10.74,9.01587,166.79739
0.06413,10.3688,9.00457,128.0197
0.06326,10.7151,9.11186,119.38
0.09363,10.6603,9.27906,199.95399
0.07544,10.5725,8.71129,65.9084
0.07498,10.8493,8.36192,104.0785
0.14339,10.9484,8.93249,138.2339
0.0795,10.9406,8.93724,180.8744
0.07792,11.3448,9.31197,255.3252
0.09406,10.989,9.2654,148.76559
0.09269,10.5762,8.74749,110.51
0.09667,10.5522,8.67631,124.6342
0.0944,11.018,9.04251,204.5984
0.07969,11.5301,9.35844,282.3317
0.09919,10.6462,8.78761,156.4362
0.06119,10.8336,8.86479,135.845
0.20098,11.0457,8.69308,151.11929
0.0474,11.2454,9.3143,223.1534
0.07938,10.6336,9.08206,129.0735
0.08496,10.8699,9.198,154.1422
0.06446,10.7352,8.74938,162.83009
0.09369,10.363,8.97036,66.2977
0.09847,10.4433,8.89327,118.7375
0.09436,10.65,8.82685,96.9855
0.09454,10.5138,8.90705,111.5051
0.09486,10.7052,8.63686,100.0477
0.0952,10.3702,8.48781,76.7468
0.0627,11.1079,8.83845,162.5152
0.12604,10.9793,8.96897,187.6362
0.08945,10.2862,8.54349,86.172
0.04764,11.0702,9.05513,181.7318
0.09528,10.7089,8.82337,130.68961
0.12576,11.2875,8.70173,138.4735
0.08655,10.5834,8.99902,193.6459
0.09252,10.5073,8.51407,101.6238
0.09408,10.6044,8.94218,159.328
0.09041,10.4108,8.76778,130.19479
0.03317,9.7869,8.67027,62.8863
0.08746,10.4848,9.05336,96.7021
0.06505,10.3697,8.91427,104.6788
0.03285,10.5806,9.13939,187.6485
0.06223,10.1666,8.95702,182.07471
0.10454,10.3072,8.51381,94.8998
0.07952,10.0996,8.41068,93.8383
0.1378,11.0304,8.81989,164.36031
0.09508,10.7657,8.67469,145.6563
0.08997,10.8538,9.06636,190.0994
0.0859,11.2435,8.97312,213.431
0.06142,11.3069,9.19069,332.67099
0.08544,10.8407,8.71465,187.2328
0.10382,10.7498,8.32165,78.908
0.08796,10.729,8.86483,180.72701
0.091,11.019,8.72976,152.36501
0.09226,11.1302,9.00774,215.8642
0.08913,10.8755,9.05618,243.067
0.08487,10.9302,9.2991,251.2587
0.04257,10.434,8.41986,75.8112
0.03291,10.1897,8.3898,72.3809
0.09379,10.6554,8.97966,166.6815
0.09073,10.6383,8.94909,191.3662
0.08827,10.4767,8.89376,82.6727
0.09147,10.4938,8.88064,121.5528
0.09767,10.6595,8.65952,121.3481
0.1403,10.5654,8.54724,99.3361
0.1247,10.8837,8.69363,85.9776
0.04243,10.2471,8.37927,81.2747
0.17387,11.3414,8.81038,198.7204
0.16735,11.1637,8.88357,192.20039
0.07047,10.5641,8.87623,109.4404
0.04626,10.8066,8.95624,140.05409
0.08475,10.6671,8.63785,144.4861
0.10609,10.3937,8.16368,122.9637
0.09102,10.7511,8.8829,160.12981
0.09331,10.5554,8.83533,146.8401
0.08459,10.6616,8.54838,107.9102
0.08764,11.2267,9.10397,230.3197
0.08721,10.7572,8.81851,137.46429
0.08771,10.8558,8.67755,141.18961
0.03296,10.0997,9.00218,104.1943
0.08345,10.5719,9.14283,121.1769
0.08852,11.1506,8.90204,194.9653
0.08889,10.6552,8.61676,128.9632
0.1082,11.3568,9.01632,260.96619
0.10861,10.4562,8.85977,120.1256
0.10588,10.6771,8.75074,157.2628
0.09047,10.9735,8.97602,145.933
0.13769,11.2134,8.57762,95.099
0.12488,10.8838,8.66584,109.1825
0.08909,10.8499,8.85665,97.0033
0.08886,10.7631,8.98186,94.3454
0.08842,10.576,8.72823,105.0815
0.10696,11.2378,9.12451,240.1835
0.16428,11.3363,8.73946,263.09381
0.08562,10.7755,8.79665,156.7095
0.08698,10.4111,8.75307,79.1511
0.1647,11.1641,8.89151,123.4099
0.06165,10.6685,8.75063,229.2755
0.1319,10.8462,8.69759,118.2008
0.06358,10.8187,8.98713,154.8943
0.09727,10.3195,8.05906,175.3459
0.11092,10.8371,9.04071,191.8549
0.08772,11.2884,9.05062,254.27341
0.09147,10.913,8.69542,147.8512
0.04619,10.352,7.98607,38.4331
0.06207,10.6154,9.17494,111.8768
0.04652,10.2882,9.38424,195.8551
0.0667,10.7154,9.1282,171.00951
0.08909,10.4323,8.66805,102.0341
0.12528,11.3492,8.97654,224.4695
0.09598,10.9199,8.50229,147.82339
0.06503,11.3773,9.13005,268.70041
0.04719,10.6471,8.90867,182.5946
0.10902,10.3636,8.63756,79.6977
0.04705,10.3942,8.77928,138.1783
0.06605,10.1533,8.47615,86.2431
0.06262,10.1972,8.25768,77.6116
0.06356,11.0059,9.43029,244.5923
0.08659,10.216,8.2026,25.6668
0.12559,10.7139,8.54105,147.28461
0.13696,11.1496,8.61876,139.7885
0.09211,10.8016,9.09411,223.0351
0.06278,10.3189,8.74756,88.644
0.06599,10.1584,8.46684,83.7897
0.02802,9.5355,8.81063,72.165
0.08662,10.516,8.85381,142.3959
0.06204,10.6206,8.663,157.72861
0.09729,11.2661,8.94975,217.59351
0.12591,10.6524,8.26974,109.8298
0.08085,10.6487,8.99634,127.6989
0.08253,10.0988,8.43355,53.9847
0.0819,10.3888,8.94124,86.8589
0.04731,10.2951,9.14707,139.6378
0.20271,10.9516,8.4819,161.3067
0.2001,11.2718,8.72728,228.23869
0.1688,10.9766,8.68521,102.2603
0.04481,10.5326,8.61541,108.8497
0.09246,10.6318,8.83353,143.7238
0.06515,10.2194,8.93272,128.27409
0.05667,10.5568,9.21408,161.16631
0.07931,11.2138,8.95743,201.2984
0.21673,11.1052,8.48967,184.1844
0.03252,10.6438,9.03902,172.1131
0.03316,10.7351,9.05323,163.9453
0.10685,10.7022,8.77955,140.3853
0.07832,10.4577,8.73616,134.9239
0.12398,11.0879,8.87262,226.4305
0.08773,10.3881,8.61497,99.4436
0.08157,10.3162,8.84433,123.9858
0.07982,10.1328,8.55709,99.4823
0.088,10.1609,8.37623,87.3447
0.09842,11.0782,8.96,228.09641
0.08711,10.807,8.80137,180.3916
0.045,10.4055,9.2096,145.9716
0.0933,10.7333,8.82131,140.1555
0.03181,9.5222,8.77793,78.6473
0.03228,10.1004,8.68115,89.9048
0.21513,10.9621,8.74537,188.6927
0.09204,10.1229,8.67962,165.67619
0.04376,10.516,8.92972,130.27071
0.19701,11.2745,8.93678,192.6664
0.04341,9.862,8.63172,64.0953
0.06924,10.9134,9.18335,165.5385
0.08843,10.6412,9.0112,124.0371
0.06764,11.1092,9.35109,138.7448
0.03333,9.5714,8.07754,80.7942
0.16305,11.2323,8.76221,119.3653
0.18221,10.9906,8.69298,90.5566
0.08582,10.8328,8.67101,124.1564
0.08815,10.9317,9.16415,120.1304
0.18904,11.5258,8.91698,218.767
0.06538,10.5711,8.76689,121.6741
0.06563,10.7642,8.60209,65.6719
0.18412,11.2066,8.88912,135.5553
0.11152,10.3106,8.40873,48.7766
0.0856,10.2598,8.54875,82.1749
0.12721,11.165,8.87805,173.4185
0.12252,11.0171,9.00132,143.9346
0.17654,11.3023,8.57699,161.6183
0.0959,11.1063,8.62183,179.4576
0.02149,10.0215,8.10918,55.5182
0.0956,10.8335,8.52314,106.3657
0.17472,11.2637,8.85755,179.1044
0.04723,10.9333,9.0758,122.6464
0.09303,10.7157,8.79026,128.38029
0.06687,11.118,9.29175,160.6028
0.09536,10.3401,8.54992,89.0055
0.17438,11.3036,9.15307,259.37299
0.13622,10.8707,8.74632,127.9657
0.06616,10.2894,8.66819,73.7196
0.13438,11.1956,8.98392,156.2572
0.13752,11.5386,8.86966,278.01169
0.12288,11.1888,8.91739,218.11211
0.12416,10.5851,8.48058,67.0091
0.04422,10.4597,9.06418,105.9621
0.04498,10.808,8.89195,122.772
0.04513,10.4527,8.89271,98.3474
0.04392,9.9215,8.53146,24.7548
0.14161,11.3789,9.17458,223.7327
0.06763,10.3894,8.66218,79.631
0.06251,10.5396,9.03885,134.4301
0.09109,10.9542,8.91711,104.1885
0.13949,11.3041,9.07932,205.6739
0.09613,10.4635,8.81841,146.476
0.06719,10.662,9.18532,128.7653
0.04461,10.7563,9.06209,122.2901
0.04559,10.2871,8.61095,63.9169
0.04621,9.9913,9.06687,121.5992
0.03229,9.8868,8.92386,81.4307
0.09733,10.6736,8.78727,116.6547
0.09318,10.7266,8.18495,90.0874
0.04624,9.617,8.32944,62.5724
0.0205,10.0186,8.92747,84.4275
0.03272,10.1023,8.89062,88.8975
0.12268,10.6311,9.00939,124.8599
0.08925,10.8742,9.00034,161.36771
0.06274,10.2908,8.47442,89.705
0.06818,10.6369,9.06128,151.6825
0.06221,11.2318,9.13441,183.4752
0.12781,10.6982,8.23667,65.3158
0.09527,10.8075,8.89026,159.491
0.09712,10.8215,9.14475,206.09711
0.09497,10.7517,9.3614,248.6897
0.09674,10.5293,8.55121,113.3974
0.09685,11.2337,8.76975,155.1673
0.06864,10.8598,9.06693,144.9227
0.08238,10.7696,9.13275,155.4875
0.03346,10.1629,8.30009,78.0322
0.0949,10.7261,8.46231,150.744
0.09566,11.0073,9.10352,117.748
0.09947,10.9603,9.05877,132.131
0.09493,11.2052,9.0172,172.78329
0.09334,11.3011,8.69229,215.5612
0.12223,10.5313,8.48006,79.6246
0.06252,11.0204,9.68143,257.70959
0.04124,10.6488,9.33776,207.2795
0.14414,10.8953,8.47356,126.3283
0.2042,11.3178,8.64683,146.8358
0.09565,10.8891,8.9453,149.5119
0.04255,10.8489,8.97917,155.3591
0.08604,11.0139,8.65607,106.9052
0.09716,10.678,8.67698,98.7197
0.04847,10.8271,8.93613,168.9691
0.03334,10.1978,9.01363,138.647
0.08651,10.5607,8.96123,222.2021
0.04387,9.9828,8.24771,55.926
0.0424,10.2452,9.122,112.9823
0.07079,10.2959,8.96601,125.324
0.1971,11.0581,8.79927,187.1909
0.09702,11.2232,8.99371,204.24899
0.09124,11.0456,8.85561,119.7292
0.11644,10.7103,8.71661,160.1252
0.04363,10.7272,8.82971,144.0284
0.06962,10.7089,8.69385,89.7884
0.11603,10.7887,8.6447,76.8509
0.06922,10.6519,8.58693,68.8231
0.06622,10.7499,8.62426,115.4064
0.06929,10.8827,8.70699,135.6584
0.04441,10.2551,8.83182,142.94991
0.16048,11.4601,8.84192,226.2206
0.06618,10.6635,8.81457,139.00751
0.0458,10.6913,8.79197,124.0254
0.06958,10.9679,9.04447,167.1488
0.06735,10.924,9.15739,127.9762
0.09345,10.8172,9.02254,132.9272
0.11693,10.9473,8.5429,179.14149
0.09592,11.5291,8.92463,191.34489
0.15502,11.2159,9.162,200.4839
0.12165,10.7101,8.85668,100.4658
0.0965,10.826,9.07318,134.8013
0.09912,11.0186,8.81665,100.7797
0.17649,11.024,8.83628,130.4075
0.12468,10.7196,8.95637,133.823
0.1356,10.8811,8.99639,153.9828
0.09725,10.83,8.99499,174.4467
0.09525,11.1267,9.08728,180.56509
0.09563,10.8078,8.80339,135.95551
0.09669,11.4807,8.98759,178.1467
0.09555,11.036,8.37279,115.8363
0.04429,9.6123,8.4576,45.5518
0.18591,11.3054,8.76982,189.94501
0.09669,10.9864,9.01033,186.86259
0.03296,9.9043,8.81417,85.2761
0.18436,11.0524,9.16759,201.5863
0.09558,10.8485,9.20362,180.2901
0.09601,10.894,8.464,120.2961
0.04922,9.983,8.91923,79.2417
0.10197,11.5672,8.66257,219.79131
0.16209,11.0237,8.61059,99.7657
0.09541,10.7895,8.53698,100.9199
0.09546,11.3687,8.67952,204.0273
0.09733,10.6494,8.86062,128.8513
0.09434,11.1912,9.07591,212.1208
0.08816,10.5411,9.22106,204.55991
0.09924,11.0114,8.7633,172.37109
0.09466,10.0046,8.39093,107.947
0.09543,10.607,8.44853,125.6577
0.11727,10.9747,8.75622,170.29311
0.11949,10.7099,8.65376,126.1101
0.1272,10.6067,8.76101,166.4117
0.12179,10.6277,8.33996,90.3578
0.12433,10.7532,9.19051,185.5862
0.0966,10.6026,8.96343,105.6165
0.07176,10.7212,8.8912,82.2321
0.10301,10.6382,8.73077,141.5887
0.09245,10.6727,8.80766,146.35091
0.10424,11.0538,9.06828,204.4993
0.1233,10.7869,9.08121,160.71069
0.06966,10.6558,8.56032,103.1717
0.18708,11.1495,8.75765,214.41769
0.12512,10.8119,8.50579,102.0159
0.12151,10.968,8.88484,183.72479
0.1017,10.6754,8.84891,159.3373
0.12982,10.8938,9.03448,139.3105
0.14304,10.8465,8.65169,74.8076
0.08396,11.469,9.07995,263.03839
0.05276,10.7196,8.2689,91.4976
0.1266,11.0095,8.80977,127.8754
0.05579,10.9298,9.39528,190.7659
0.08385,10.4873,8.77893,74.1694
0.05252,10.8716,8.49544,103.6929
0.0838,10.6551,9.26361,150.4449
0.15554,11.229,8.56392,158.22211
0.09832,10.802,8.92728,116.0671
0.09592,11.6066,9.10096,265.34869
0.07523,10.5781,8.84982,121.2882
0.09326,10.614,8.87004,95.0574
0.12549,10.901,8.95618,188.78239
0.09491,10.4986,8.59171,77.1277
0.0446,10.7546,8.86473,152.3844
0.12729,10.948,8.88233,168.7093
0.09467,11.111,9.06806,170.9384
0.09472,11.5948,8.88907,228.9437
0.0947,10.4808,8.8794,122.6647
0.09332,10.4263,8.82197,89.586
0.09224,10.923,8.76586,159.578
0.09184,10.8526,9.33937,211.707
0.05595,10.9462,8.93597,108.884
0.06271,10.0864,8.40185,77.8025
0.09502,10.4249,8.53486,58.6822
0.06347,10.3009,8.40137,83.5367
0.04487,9.8732,8.89095,58.6794
0.07112,10.3229,8.54048,110.1462
0.06172,10.5658,8.58461,130.4288
0.06368,10.7109,9.0568,198.27499
0.04709,10.8548,8.75663,89.7563
0.09228,11.1708,8.97429,168.8593
0.10786,10.7626,8.68373,179.9111
0.06357,11.1335,9.5487,345.4043
0.18169,11.0867,8.86768,124.0919
0.03299,10.6643,9.14137,134.4735
0.09398,10.6865,8.74946,142.0932
0.11409,10.5858,8.66472,111.2794
0.061,10.736,9.39458,150.5217
0.0988,10.6584,8.51503,98.2705
0.09798,10.5927,8.76927,127.4825
0.12445,11.0208,8.97425,167.2825
0.04992,9.77,8.58894,85.1302
0.12597,10.8018,8.81258,126.0661
0.04573,10.6407,9.18968,191.32719
0.08366,10.625,8.4148,95.0542
0.2016,11.4081,8.77405,70.4567
0.07078,10.7529,8.91612,161.27049
0.05992,10.8591,9.66929,261.47281
0.14534,11.3458,9.22777,254.67509
0.06926,10.6342,9.05796,125.5877
0.05961,10.5858,9.23227,142.6837
0.0464,10.4111,8.59828,91.6396
0.05831,10.8375,8.27998,84.4269
0.08475,10.7504,8.69535,160.2283
0.08444,10.7968,9.13425,130.17999
0.0626,10.1373,8.75425,54.5927
0.20436,11.4578,9.0713,233.0192
0.14281,11.3571,9.08485,230.83389
0.08604,10.9212,8.8141,169.5023
0.07146,10.7067,8.99276,141.2088
0.07171,11.519,9.16722,234.6826
0.10217,10.5052,8.80428,86.829
0.09653,10.3318,8.8143,119.9963
0.0637,10.262,8.82856,125.6154
0.07033,10.6258,8.63747,110.6285
0.07072,10.9162,9.15569,213.1256
0.07054,10.5836,8.57641,83.4048
0.09781,10.8288,8.79471,111.3186
0.09273,10.4839,8.47033,90.7656
0.09677,10.5035,8.2194,66.1493
0.07928,10.9031,8.6859,132.1895
0.09698,10.6286,8.71603,124.4273
0.09757,10.6331,8.87647,143.09689
0.07214,10.2338,8.80479,85.5124
0.07149,10.8369,8.96162,170.8331
0.11627,11.0139,8.7685,258.52359
0.121,11.1197,8.99675,191.1875
0.09808,11.0879,8.72981,128.89
0.09515,10.8575,8.7666,127.5497
0.1168,10.8738,8.49549,89.9938
0.09595,11.1111,8.85819,177.772
0.06968,10.4795,8.87411,126.9977
0.06264,10.4762,8.60847,88.7815
0.07059,10.7558,9.16425,224.9606
0.11411,10.4998,8.28179,98.7646
0.14717,11.2916,8.71943,187.9787
0.06211,10.401,8.94632,117.9408
0.04848,10.8785,9.00855,164.6888
0.09538,10.5573,8.74868,96.8513
0.09648,10.8854,9.22993,209.57359
0.09554,11.0761,8.49958,132.08479
0.06315,10.51,8.65297,82.1725
0.09293,10.5317,9.10991,135.45779
0.11539,10.7874,8.70072,134.2487
0.09822,10.5883,8.86234,127.6134
0.18802,11.1655,8.99721,175.75771
0.11963,10.8376,9.13639,170.0016
0.09604,10.763,8.97314,155.601
0.0534,10.9515,8.8575,111.3757
0.06456,10.8425,8.65968,115.8377
0.05315,10.5109,9.08205,111.8835
0.09389,11.0228,8.96635,145.69881
0.11337,11.3356,9.05824,398.2099
0.02136,10.2006,8.96557,89.2163
0.0965,10.3491,8.71192,70.1196
0.11213,10.7152,8.9319,154.5072
0.09526,10.7194,8.96419,148.7292
0.07848,10.4183,9.01482,92.1636
0.06592,11.3523,8.64258,160.36099
0.07102,10.5352,8.89207,110.8625
0.05533,10.989,8.73147,121.3722
0.05379,10.9088,9.15505,119.5315
0.11098,10.7909,8.692,100.4275
0.09405,10.8058,9.29378,188.0146
0.11045,10.8117,9.02201,177.3175
0.06376,10.7413,8.75792,98.9854
0.1166,10.7004,8.80356,202.1162
0.09467,10.6603,9.12173,121.6477
0.11804,10.9781,8.78313,157.0224
0.18313,11.0205,8.95734,127.7791
0.10249,10.8198,8.72163,149.0289
0.1118,11.1447,8.9583,231.0136
0.10907,10.4978,8.82023,120.8342
0.11519,10.7131,8.80704,130.9183
0.09609,10.719,9.00161,150.2458
0.21853,11.2911,8.64307,191.4147
0.11014,10.5629,8.894,107.7045
0.09421,10.4459,8.96222,147.24789
0.15503,10.3858,8.73004,123.7102
0.2166,11.2805,8.90952,235.9469
0.18609,10.8561,8.62601,88.8933
0.06125,10.293,8.51752,71.8445
0.10449,11.3781,8.82711,170.84081
0.13076,11.2679,8.9694,204.468
0.09646,10.5155,8.89881,104.3018
0.09557,10.9204,8.7509,122.1684
0.1109,11.0596,9.06641,178.9351
0.09391,10.6493,8.75544,98.2481
0.13612,11.0821,8.284,137.3934
0.06207,10.8146,9.09691,159.0318
0.09258,11.1211,9.29194,281.2482
0.07846,10.3956,8.6914,94.7027
0.11276,10.4591,8.46927,193.4751
0.09346,11.0751,8.91411,166.16209
0.14474,10.6522,8.88666,0.0
0.16939,11.3957,9.07701,160.9502
0.09249,10.7017,8.57694,96.0684
0.12571,10.9288,8.6189,116.5907
0.06286,10.9476,8.93538,152.7655
0.10115,10.4322,8.66067,193.74361
0.06107,10.8238,8.82607,106.4331
0.12475,11.1021,8.42589,132.1228
0.10117,10.8122,8.77247,131.8745
0.07862,10.7689,8.97679,157.134
0.11241,10.5907,8.06326,68.987
0.09519,10.2819,8.7405,115.0584
0.06979,10.3434,8.67256,118.624
0.07152,10.5127,8.85655,150.01331
0.09541,10.5864,8.4293,98.1012
0.09711,10.3445,8.81628,159.25459
0.07385,10.4851,8.51253,121.073
0.09659,10.4726,8.74946,143.96519
0.09492,10.9945,8.90403,197.5672
0.11222,10.6376,8.79213,136.36839
0.07144,10.1376,8.65568,73.4283
0.05654,10.7703,8.96676,163.0397
0.0712,9.9596,8.74169,74.0634
0.1477,10.833,8.74346,144.4561
0.07125,10.5471,8.73653,146.4102
0.09847,10.8734,8.62105,130.75281
0.09887,10.2564,8.57174,105.0405
0.07223,10.1433,7.97071,187.50681
0.16749,10.9284,8.26929,125.1324
0.11013,10.5278,8.84326,145.4818
0.0992,10.6636,8.61064,108.2901
0.09724,11.0145,8.81254,173.9445
0.09373,10.6456,8.65945,135.9325
0.09319,10.3742,8.87959,92.7041
0.14843,10.8025,8.81325,220.6042
0.09807,10.4793,8.04477,64.2167
0.17331,11.172,8.943,221.6541
0.13007,10.9946,8.16465,148.36079
0.09678,10.7681,9.05517,179.08031
0.09928,10.223,8.48087,87.699
0.14704,10.8439,8.50702,98.2002
0.1773,11.1286,8.97302,254.27831
0.16816,11.2705,9.04319,223.5959
0.09517,11.0951,8.38054,160.1631
0.17541,11.0171,8.52507,173.92281
0.08918,10.6532,8.84663,131.7321
0.09751,11.2239,9.01029,240.42551
0.10783,10.7666,8.91035,107.4616
0.09764,10.8397,8.85445,163.4384
0.05618,10.7081,8.61486,81.1978
0.09829,10.4406,8.89082,103.6033
0.02205,10.2711,9.03622,98.9895
0.10645,11.0165,8.80711,157.1476
0.04191,10.373,9.12158,129.38049
0.03443,10.5242,8.43537,120.512
0.10705,10.5432,8.71418,143.4265
0.09741,10.9129,8.70422,137.797
0.09609,11.0914,9.09558,226.83099
0.09515,10.9417,8.85676,161.30611
0.21886,11.078,8.67254,155.89349
0.15087,11.3472,8.83356,291.48721
0.09526,10.8353,8.74397,144.85181
0.15945,11.4474,8.73386,238.1407
0.0847,10.742,8.25871,95.4508
0.153,10.927,8.86777,141.5528
0.15253,11.3456,8.89,210.2596
0.0845,11.2142,9.13722,237.2419
0.0359,10.5071,8.89236,143.619
0.08326,10.0779,8.44304,88.5653
0.11443,10.8489,8.86152,67.6532
0.07345,10.2657,8.78597,126.7993
0.14038,10.8347,8.75166,600.0
0.18667,11.0842,8.83326,172.18671
0.08619,10.5606,9.00016,185.3418
0.0545,10.4004,8.79774,102.8318
0.15263,11.1088,8.69571,127.877
0.11547,10.7392,8.76717,139.8862
0.05516,10.9494,9.12758,113.5925
0.09438,10.4122,8.7267,100.7195
0.09492,10.8136,8.88322,113.0674
0.05583,10.7915,8.86331,135.9926
0.05094,10.2137,8.62459,105.7107
0.13053,10.3022,8.2438,67.3643
0.09536,10.8121,8.92871,134.3947
0.11509,10.9121,9.03264,209.5741
0.17997,11.0196,8.70794,122.4722
0.11831,10.894,8.95497,129.95821
0.0883,11.059,9.11661,198.5591
0.09402,11.2562,9.20059,172.61481
0.08883,10.3068,9.04768,103.2794
0.10791,11.5686,9.14142,217.3786
0.11059,10.8334,8.70477,178.01019
0.05142,11.0123,9.15552,188.87421
0.05593,10.1708,8.95885,120.0844
0.09518,10.963,8.7466,154.6456
0.10476,10.5262,8.64581,162.8313
0.15198,11.1952,8.93366,228.6335
0.09007,10.8478,8.65882,128.55009
0.08962,10.9505,8.92758,155.63049
0.03448,10.5364,8.44765,113.2922
0.09687,10.6331,8.92383,135.6404
0.09602,10.6306,8.75633,116.9585
0.09786,10.8058,8.64737,144.41679
0.14863,10.637,8.92525,184.2294
0.14559,11.1301,8.96241,209.3541
0.05116,10.332,8.60693,73.5432
0.10757,11.0404,9.24145,240.17239
0.10757,10.8547,8.75738,115.046
0.09462,11.1699,9.17699,201.93111
0.10699,11.0611,8.59906,153.9626
0.08881,10.6658,8.79048,117.2939
0.09689,10.5755,8.64592,118.6476
0.08915,10.4829,8.67016,98.0516
0.1274,10.6687,8.85626,112.28
0.09933,11.1539,8.97049,155.7552
0.09682,10.6604,8.88319,176.162
0.06545,10.5909,8.66723,121.1797
0.02849,9.7388,8.67983,68.7344
0.1427,10.8917,8.6829,106.9415
0.09746,10.5632,8.96217,158.2906
0.09486,10.4075,8.82982,101.9529
0.1175,10.5993,8.68723,48.3955
0.09674,10.9674,8.83349,145.7478
0.06536,10.7325,8.85382,116.7877
0.07199,10.5125,8.94918,118.9773
0.09637,11.0385,9.20914,227.7693
0.06499,9.8943,8.59849,94.3106
0.12984,10.7638,8.90152,147.7097
0.16074,11.6124,8.83012,182.14391
0.06571,10.5172,8.66482,81.8848
0.10595,10.6661,8.94966,134.2435
0.14124,10.911,8.55334,151.4614
0.06492,10.7047,8.61081,100.173
0.09526,10.5216,8.54686,139.84489
0.09677,10.4305,8.29029,92.7708
0.06471,10.2399,9.06196,103.2091
0.10935,10.5619,8.87771,115.9175
0.06438,11.0149,8.75067,95.9233
0.06507,10.4951,9.06141,148.69189
0.11716,10.7187,8.83466,149.6572
0.08559,10.3314,8.79998,98.4315
0.09643,11.1035,8.9826,202.92039
0.0825,10.8662,8.85521,186.8064
0.10714,11.0332,8.6975,138.60519
0.13638,10.9722,8.99578,192.7907
0.03937,9.8532,8.73895,77.0051
0.14806,10.8767,8.75439,150.4158
0.13723,10.6634,8.91126,171.7914
0.13629,10.9645,8.86051,181.6521
0.14956,11.3767,9.12666,232.11771
0.07508,10.1248,8.6288,61.2579
0.15028,11.1051,8.76765,155.4135
0.13522,10.7715,8.61265,103.7834
0.13517,11.1815,8.42144,227.73019
0.12699,10.7571,8.86877,164.8501
0.06012,10.7327,8.68557,129.8405
0.0831,10.9725,8.78108,95.1899
0.1258,11.2386,8.95439,151.44479
0.07524,10.2891,8.66765,92.9418
0.12579,10.5746,8.21212,44.7776
0.03901,10.6346,9.29451,129.04201
0.08068,10.3551,8.7182,88.0449
0.13482,11.3237,9.03513,259.86069
0.13498,10.9041,8.75528,162.59129
0.08696,10.8887,9.2176,173.7449
0.09674,10.5218,8.67646,78.6291
0.20393,11.4715,8.92816,179.2825
0.03985,10.7379,9.1128,123.7061
0.13812,11.1835,9.17597,209.34731
0.12794,10.9011,8.8837,149.3268
0.13839,11.5422,8.71618,236.1165
0.12815,10.9291,8.96258,140.5101
0.0953,10.608,8.40494,121.5669
0.12406,10.9696,8.5872,137.5697
0.08724,10.8112,8.89496,147.0036
0.07527,10.8417,8.89549,108.0297
0.10738,10.6751,8.64581,95.4193
0.12536,10.6427,8.33416,86.5597
0.02718,10.2121,8.95076,88.712
0.1383,10.8118,8.66464,162.24229
0.13296,11.1462,8.95498,177.7252
0.07416,10.5376,8.5399,76.4317
0.11302,10.945,8.73566,136.0282
0.11399,11.0665,9.07747,225.9901
0.13358,10.8094,8.99702,144.3156
0.11172,10.7284,8.70242,108.2511
0.13295,11.0504,8.92334,190.01289
0.1142,10.7093,8.82928,148.67439
0.11308,10.9239,8.69407,96.6855
0.14033,11.0526,9.07931,164.9384
0.09477,11.0156,9.06086,187.72391
0.13392,11.3326,8.99998,213.13251
0.12475,10.7706,8.97657,185.7249
0.13817,11.3922,8.77067,234.05679
0.03941,9.5617,8.52648,46.0989
0.08751,10.6785,8.75424,115.5539
0.0755,10.8368,8.99173,129.84801
0.09512,11.3965,8.98789,321.93399
0.09464,10.4804,8.97282,105.4438
0.13391,10.8648,8.70474,146.4986
0.07703,10.7124,9.12466,173.2361
0.0499,10.5809,9.03693,97.2848
0.21887,11.4212,8.67392,198.0083
0.10732,10.7737,8.7289,117.2627
0.08277,10.6844,8.93533,153.8112
0.07409,10.6308,8.84655,108.768
0.09774,10.6474,9.16301,221.827
0.09519,11.2323,8.97992,257.17581
0.09658,11.1138,8.93745,110.7255
0.13014,10.7529,8.61058,141.58051
0.09673,10.8222,8.7471,122.578
0.09433,11.1379,8.96908,186.7621
0.2228,11.2393,9.00032,105.9177
0.12648,10.9137,8.89933,130.6073
0.14287,10.8571,8.67078,146.899
0.08263,10.6042,8.95849,124.5796
0.11399,11.2764,9.06581,163.2054
0.15046,11.1443,9.0281,188.2386
0.15257,11.1088,8.71752,201.5591
0.18433,11.2882,8.83659,169.6102
0.16128,11.1714,8.77289,193.26221
0.1168,10.7205,8.73413,129.79559
0.12032,11.1417,8.84104,169.12601
0.11916,11.0528,8.81815,161.52499
0.07233,10.8708,9.05126,173.60069
0.09567,10.77,8.99602,219.4341
0.15127,11.0172,8.94622,130.0869
0.08265,10.3007,8.60014,117.5643
0.10807,10.6441,8.67306,107.9672
0.10843,10.8505,8.58704,106.6281
0.11971,10.8413,8.83512,141.133
0.1189,10.6605,8.51788,85.501
0.09523,10.7914,8.72661,128.68311
0.1216,10.9892,8.58983,167.8385
0.12186,10.9473,8.3996,109.2668
0.10903,11.0178,8.87917,126.5715
0.0815,10.5431,9.04451,111.0383
0.12218,10.7061,8.86734,105.5651
0.12232,10.8183,8.72448,133.6423
0.13149,10.8414,9.04891,150.2795
0.05926,10.1562,8.82215,91.4105
0.09729,11.1739,8.82235,153.0237
0.09764,10.9359,8.83618,160.9855
0.13133,11.141,9.07419,202.8472
0.09523,11.1565,8.88009,195.4397
0.14208,10.9467,8.70606,136.39439
0.08005,11.3288,8.84632,180.1566
0.11594,10.8204,8.45357,115.4726
0.1118,11.1234,8.6912,155.43269
0.15055,11.0993,8.56509,165.49879
0.1213,10.8901,9.12195,193.6955
0.10832,11.1398,9.03206,189.5529
0.11509,11.0123,9.13811,171.2267
0.0839,10.4965,8.68676,96.123
0.08143,10.9216,9.28966,177.9769
0.11933,10.7325,8.84291,103.2219
0.09737,11.1111,8.60814,148.77789
0.06583,11.4156,9.0512,198.6868
0.1332,10.8561,8.65251,198.353
0.06764,10.3097,8.8178,126.1947
0.05084,10.5432,8.94219,135.5135
0.26051,11.6765,8.84706,204.1884
0.11368,10.9492,9.12353,143.0007
0.11398,10.6961,8.86026,109.6709
0.06505,10.6645,8.41473,73.5083
0.05953,10.5796,8.5614,76.2934
0.09972,10.8417,8.92803,156.25121
0.18311,11.0071,8.81852,143.1002
0.12423,11.0242,8.7939,148.5724
0.08135,11.3352,8.87471,242.2948
0.12412,10.6664,8.74891,143.5186
0.12676,10.8851,8.80895,195.2478
0.10721,10.8697,8.38808,107.8164
0.13406,10.8754,8.54727,113.8924
0.06395,10.7475,8.89917,151.10719
0.07241,10.2898,9.02058,116.8522
0.10643,10.6968,9.04445,149.37399
0.06663,10.8609,8.83798,110.0304
0.08158,10.8981,9.33309,217.35699
0.11481,10.9936,9.0848,168.2373
0.09784,10.8554,8.66873,153.5121
0.10016,10.8109,8.79637,153.5038
0.10652,10.5391,9.00277,136.3047
0.19544,11.2311,8.77003,176.8517
0.23842,11.3276,8.71778,135.0885
0.06381,10.6712,8.58474,88.0676
0.10066,10.9108,8.92764,207.10049
0.09468,10.9673,8.6802,137.16
0.11664,10.8627,8.97514,141.2693
0.0999,11.1227,9.21674,166.3862
0.11522,10.7846,8.73455,81.6044
0.0798,10.9806,8.30799,113.7949
0.12521,11.0039,8.66125,148.44971
0.0989,11.0164,8.63837,131.61951
0.17998,11.2448,8.78515,135.5013
0.07208,11.0379,8.79742,114.1377
0.12547,10.8455,8.91984,153.7072
0.12215,10.9963,8.81132,174.2885
0.06398,10.6123,8.67655,131.85001
0.10022,10.7875,8.98023,155.901
0.14959,11.0992,8.8178,180.1001
0.12439,11.0114,9.2653,182.9337
0.12836,10.7823,8.76257,102.8009
0.03782,10.1179,8.91256,76.3836
0.10725,10.6001,8.47566,116.4161
0.15735,10.938,8.73705,154.38831
0.03883,10.1696,8.78645,81.033
0.07297,10.5642,9.14083,145.2198
0.03851,10.9716,9.30353,193.0033
0.07256,10.9249,9.00074,140.1656
0.0943,11.0283,9.03697,155.2524
0.09562,10.9479,8.73263,123.0979
0.08651,10.291,8.56348,92.3304
0.08622,10.6828,8.56334,95.0389
0.08111,10.4963,8.86417,98.089
0.06748,10.7497,9.02391,149.3604
0.12797,10.8814,8.47311,68.8032
0.08622,10.793,8.96939,94.6891
0.22977,11.4457,8.99748,200.85451
0.15119,11.1142,8.75392,351.6088
0.07252,10.4735,8.98295,87.3806
0.1285,11.0693,8.88363,163.4366
0.12812,11.0191,8.86802,134.4884
0.04017,10.7897,9.22527,134.38589
0.04004,10.947,8.98695,147.50191
0.1126,10.9229,9.06605,133.0099
0.1517,11.3,9.03319,188.22729
0.03951,9.7365,8.42102,58.0521
0.08486,11.093,9.04477,181.5602
0.13009,10.7719,8.98171,127.1657
0.08455,11.0731,9.17092,191.9236
0.14915,11.1984,8.69904,140.5708
0.19287,10.9178,8.72679,134.83
0.09438,11.0502,8.89628,153.5899
0.06166,10.5912,9.27372,128.54871
0.06069,11.0776,9.246,230.5768
0.06028,10.1351,8.88619,89.1057
0.03911,10.7397,9.37184,147.2989
0.05957,10.9214,9.3897,173.9895
0.11613,11.0113,8.8715,164.3461
0.12998,10.9489,8.72782,148.4814
0.1067,10.5171,8.84801,111.2875
0.08539,10.5818,8.84951,86.4695
0.13295,11.1202,8.8288,177.7301
0.13704,11.5453,9.13289,317.6489
0.10707,10.8092,9.01483,133.3262
0.13354,10.8579,8.35764,67.5834
0.13945,10.5011,8.03622,111.0096
0.13393,10.8741,8.72081,129.02811
0.11395,11.1096,9.06487,177.2896
0.11317,10.9736,8.83874,151.8436
0.12735,11.2605,8.88284,214.6264
0.11642,11.0116,8.82518,131.9377
0.07202,10.9675,8.87168,136.5614
0.08084,10.5797,8.62794,104.6746
0.06516,10.6434,8.56319,141.9599
0.12966,11.0865,8.77884,127.624
0.09868,10.7713,8.65973,126.1302
0.11618,10.7493,8.81228,129.3532
0.11648,11.2564,8.82565,170.952
0.11724,10.9437,8.77731,138.2878
0.12414,10.7771,8.44586,80.1629
0.08226,11.2679,8.99329,176.2018
0.09495,10.7006,9.08972,158.4167
0.08236,10.9526,8.82168,154.44479
0.16468,10.6226,8.39571,92.8376
0.11878,11.0916,8.81057,88.4071
0.11543,11.074,9.00722,131.4095
0.11581,10.8837,8.93045,162.3284
0.11384,10.8424,8.98537,160.5213
0.0775,10.7742,9.09752,115.5211
0.06384,9.9672,8.71298,94.7246
0.07237,10.8604,8.84822,175.51041
0.15022,10.6151,8.2953,84.8742
0.12626,11.176,8.80708,177.6183
0.11523,11.1547,9.02608,198.19901
0.17773,11.0412,8.45171,92.0048
0.0671,10.5983,8.82492,134.77229
0.12506,10.9997,8.85919,283.26791
0.0263,10.1732,8.36795,97.6736
0.09436,10.923,9.06419,164.4525
0.04987,10.3795,9.00194,120.3613
0.07167,11.1536,9.01114,176.6254
0.14996,10.8359,8.55877,99.269
0.07673,10.2843,8.68707,84.617
0.09459,10.9875,8.86338,135.3121
0.09462,10.9812,8.82239,132.65179
0.07736,10.5874,8.80207,51.2461
0.07562,11.0432,8.6996,167.59641
0.15095,11.0261,9.0393,181.2485
0.07628,10.8635,8.69496,144.7574
0.09404,10.769,9.22863,162.6718
0.09253,11.0728,9.09781,169.2222
0.09609,10.5178,8.80633,122.8674
0.09438,10.3208,8.29357,103.913
0.09404,10.7676,9.08393,212.1971
0.08356,10.4844,8.65581,116.8879
0.03844,10.9729,9.26305,242.2834
0.12432,10.7928,9.02831,169.15491
0.09078,11.2256,8.86485,176.836
0.03969,10.7074,8.84597,130.0594
0.09636,11.1185,8.90906,174.68719
0.09152,10.6115,8.6159,94.0702
0.03765,10.8101,8.88984,125.4472
0.10446,10.7821,8.72811,138.3604
0.1051,10.9553,8.77585,141.4314
0.0899,10.9736,8.65602,144.48019
0.09636,11.1605,8.42512,118.8798
0.12556,11.2758,8.93632,226.3506
0.0379,10.7615,8.88773,141.1936
0.21636,10.6927,8.48271,66.6242
0.07377,10.9716,8.9518,117.6314
0.09617,10.5483,8.70795,122.733
0.09672,10.7429,8.88022,152.5367
0.07545,10.8448,8.8105,155.13319
0.11419,10.493,8.45351,91.6752
0.08389,10.5746,8.75469,126.6446
0.05177,10.6831,8.85248,109.8486
0.07376,11.1572,8.87924,200.6409
0.10856,10.7098,8.74155,115.6819
0.06442,10.87,9.28559,206.3972
0.11473,11.057,8.67451,107.6646
0.12987,10.9063,8.83365,131.92731
0.08291,11.0788,9.27933,99.9047
0.09612,10.734,8.89526,88.9472
0.07399,10.6781,8.72795,118.3125
0.10791,11.1574,8.91348,105.3369
0.07434,10.0136,8.67561,99.3072
0.06446,10.8364,8.82497,161.6142
0.13014,10.7954,8.62841,104.5934
0.10936,10.7062,8.97582,136.73219
0.08659,10.008,7.68279,0.0
0.12659,11.1446,8.73299,164.1559
0.11393,10.5106,8.74867,103.9107
0.10814,10.2434,8.4362,108.3907
0.07316,11.0692,9.10378,114.1314
0.09262,11.0771,9.44843,201.74409
0.1353,10.8641,8.92171,120.8124
0.1092,10.2549,8.52365,67.4041
0.07547,11.0481,8.73938,130.4111
0.09457,10.8541,8.9573,125.3151
0.07333,10.7843,8.74842,160.0401
0.22349,11.2238,8.5763,165.6947
0.12725,11.1581,9.01796,175.9324
0.12657,11.1916,9.06367,139.76961
0.10753,10.6469,8.43119,86.3382
0.08435,11.0481,8.7239,133.2887
0.08471,10.6318,8.82798,121.4929
0.07388,10.1827,8.94758,115.2038
0.12858,10.508,8.76008,93.3472
0.07496,10.4896,8.88029,125.6148
0.07264,10.8156,9.02693,164.25529
0.15268,11.344,8.90292,174.4919
0.09414,10.5968,8.47106,59.1596
0.10923,10.5255,8.74307,169.45039
0.0381,10.6515,8.68151,137.92979
0.1265,10.8414,8.43431,101.8168
0.18649,11.2478,8.86234,163.2245
0.09609,11.0851,8.6662,149.6019
0.09447,10.2857,8.5704,64.8221
0.10673,10.6284,8.90139,132.0372
0.25901,11.2862,8.52551,277.5368
0.03769,10.3911,9.02925,110.687
0.03805,10.2275,8.72149,136.0645
0.06309,10.4464,9.11077,173.6564
0.10483,10.8421,8.91437,119.5268
0.03926,10.7466,8.98764,135.6127
0.12428,10.5592,8.3472,71.9604
0.10492,10.7666,8.86552,197.55051
0.07602,10.5737,8.63128,128.1703
0.13022,11.1764,9.30529,180.4817
0.10609,10.6392,8.55602,164.1476
0.11175,11.3389,8.90123,233.5453
0.12453,10.8177,9.00271,139.9698
0.03759,10.2525,9.13,95.694
0.0919,10.1412,8.52459,131.9417
0.09839,11.0682,8.9217,152.24139
0.09637,11.0484,8.49584,95.4436
0.09637,11.1385,8.92906,180.4462
0.03975,10.5139,8.68561,73.6905
0.08995,11.059,8.69558,140.83009
0.21637,10.7634,8.5534,600.0
0.03941,10.6981,8.6932,97.5055
0.05012,10.5502,9.19891,159.77271
0.12454,11.0258,8.9797,184.25121
0.16323,11.091,8.77996,166.2155
0.09504,10.9985,8.80652,133.47
0.12517,11.3698,9.2063,276.1123
0.10941,10.5997,8.76433,99.6682
0.12718,11.1621,9.14164,187.5905
0.10171,10.81,8.82917,115.4386
0.12574,11.0156,8.8018,124.3384
0.12479,11.2252,8.70453,114.1528
0.08108,10.2289,8.62515,81.3968
0.06788,11.2317,9.04993,182.6843
0.04775,10.4746,8.91144,129.2854
0.04266,10.0475,8.70323,48.3068
0.08864,10.7427,8.90559,143.2953
0.10337,10.739,8.97481,131.26221
0.10515,10.3353,8.31606,55.6287
0.06815,11.0146,9.10772,173.4975
0.06809,10.3092,8.65562,66.9119
0.1665,11.1429,8.8703,195.1712
0.07868,10.2401,8.92176,76.3634
0.08943,10.6621,9.06061,114.8325
0.12417,10.9944,8.82499,143.0378
0.10391,10.4753,8.76935,72.6492
0.17078,10.9807,8.85352,177.77631
0.06548,10.103,8.41378,74.9417
0.06543,10.798,8.89699,113.0559
0.0991,10.7801,9.09745,147.36099
0.15566,10.8836,8.89681,131.31461
0.10186,10.5659,9.14492,160.5172
0.08506,10.7908,8.85472,137.8427
0.09285,10.6885,8.78532,123.349
0.09591,10.5663,8.82749,112.7807
0.10949,11.1609,8.55522,166.3685
0.07703,11.1274,9.34626,133.4716
0.11125,10.5071,8.80506,73.3973
0.04614,10.0486,8.70955,82.1951
0.15583,11.1527,9.01733,184.5835
0.11232,11.0654,9.30371,169.6434
0.07396,10.607,9.0009,213.95399
0.02863,9.9444,9.11302,85.708
0.08207,10.5262,8.52118,92.4537
0.08777,10.5662,8.83997,141.85159
0.01966,9.9845,9.23652,91.2234
0.0651,10.8753,8.78607,122.3004
0.08545,10.786,8.90889,136.32809
0.15961,10.8678,8.6924,108.4008
0.1551,11.1826,8.68291,202.3714
0.08516,11.0244,8.43909,68.7275
0.07374,10.7694,8.47166,82.9435
0.10187,10.8201,8.81027,147.2028
0.0449,10.882,8.92896,153.7693
0.08296,10.8849,8.86901,163.7151
0.08351,10.9688,8.55716,110.3939
0.08386,10.328,8.86902,89.9584
0.07443,10.6936,8.40966,111.5251
0.08535,10.6306,8.55896,64.2713
0.15619,11.4683,8.71667,232.29221
0.09581,10.6105,8.50294,113.7346
0.10163,11.0651,8.83906,141.07001
0.10216,10.9022,9.24649,164.0045
0.08312,11.2009,9.43682,265.72159
0.08529,10.9509,8.93985,132.16769
0.06475,10.4198,8.4113,66.7456
0.08249,10.6238,8.52675,82.9069
0.06828,10.646,8.58451,94.108
0.1602,10.9182,9.03722,141.5321
0.07429,10.4966,8.68208,100.5116
0.13457,10.9347,8.55127,136.31281
0.18565,11.4177,8.65903,169.0614
0.04366,10.8654,9.30294,210.073
0.15062,11.2598,9.13862,223.82201
0.09613,10.3921,9.16066,139.78419
0.11448,10.8804,9.19441,162.7731
0.0765,10.724,8.91441,119.0475
0.18696,10.8378,8.33235,142.2997
0.10813,10.9847,8.76454,196.5426
0.18568,11.1318,8.66899,208.9617
0.1238,11.0127,8.75304,121.8488
0.14835,10.8625,8.79626,147.9922
0.11878,10.7509,8.75756,185.10381
0.12375,10.9235,8.92102,169.3759
0.04143,9.6363,8.28121,69.8125
0.12404,11.009,9.12689,185.052
0.14881,11.0175,8.83636,146.5945
0.10295,10.6467,8.9828,145.38651
0.03827,10.6869,8.84352,138.53191
0.14318,11.369,9.00512,234.34489
0.03793,9.8284,8.73412,47.8548
0.03907,10.712,8.71964,86.969
0.0748,10.3435,9.04301,143.46471
0.15112,10.9147,8.89608,141.63651
0.08746,11.1048,8.50869,104.7335
0.04986,9.7959,8.07181,48.9096
0.11885,10.7442,8.73289,87.2961
0.18962,11.1244,8.59942,91.0704
0.11216,10.5969,8.81199,163.26849
0.10757,11.0895,9.03381,189.2149
0.09534,10.7756,9.24147,158.3826
0.11186,11.0062,9.0788,174.5022
0.1848,11.2495,9.1407,205.4039
0.09619,10.8298,9.13664,195.0051
0.09554,11.0872,8.95441,194.61549
0.15385,11.0144,8.5142,119.8429
0.09586,10.8727,8.74903,140.7589
0.14328,10.6785,8.40176,107.1831
0.12044,10.4145,8.62667,62.812
0.0744,10.8673,9.02527,133.0448
0.24893,11.4146,8.72946,174.491
0.18473,11.2315,8.98137,223.78169
0.12294,10.6529,8.50933,79.164
0.16562,11.1922,8.69146,169.6239
0.18554,11.0331,8.53706,131.8735
0.11854,11.2001,8.51507,109.646
0.07452,10.7556,8.78299,96.9769
0.10191,10.6959,8.74297,132.5787
0.09612,11.1751,8.87438,217.7253
0.06795,10.821,9.10432,107.6122
0.0436,10.0208,8.78617,96.1341
0.12285,10.8794,9.00231,182.0956
0.07138,10.9182,8.6709,116.5585
0.04209,10.6271,9.28517,169.8398
0.06667,11.1017,8.8961,212.69659
0.09966,10.5371,9.0099,144.214
0.0996,10.8382,8.69666,126.2326
0.12486,11.4077,9.07343,256.22079
0.07434,10.9476,9.33534,131.6212
0.11103,10.7813,8.42611,119.4599
0.09037,11.014,8.50452,134.47
0.10074,10.8527,8.91536,175.65401
0.10005,11.0434,8.42032,126.0599
0.12412,11.1774,8.86146,193.84821
0.10886,10.5148,8.86755,122.2315
0.11112,11.2817,9.00644,247.3567
0.10883,10.3546,8.25418,49.8499
0.0643,10.5988,8.62901,99.567
0.12449,11.0629,8.62665,132.94189
0.12383,11.2674,9.00796,192.9127
0.1106,10.223,8.67419,103.9107
0.0249,10.4999,9.22405,132.5182
0.04659,10.984,8.63433,190.6626
0.18667,11.0093,8.7549,164.5343
0.10079,11.1636,8.94923,155.7856
0.0288,10.3219,9.26667,203.4063
0.12668,10.809,8.59153,128.1189
0.11093,10.8794,8.97992,144.6731
0.12515,11.2225,8.75043,179.14549
0.11121,11.1167,8.94293,147.8752
0.2016,11.3146,8.85487,228.6568
0.11201,10.6169,8.89906,107.1187
0.20284,11.3397,8.81694,194.1062
0.09299,10.2805,8.84378,82.3767
0.02873,9.9401,8.88824,47.6961
0.06555,11.0614,8.9463,184.048
0.06487,11.2825,9.19689,265.45001
0.0716,10.9634,8.48941,111.1606
0.06553,11.1621,8.84542,128.79379
0.09145,10.7988,8.75196,117.9747
0.10206,10.7827,8.74593,142.1069
0.08938,10.6456,8.95168,118.4401
0.06623,10.556,8.94553,143.23531
0.18275,11.1357,8.77193,162.6248
0.11215,10.8279,8.86612,127.7965
0.15701,11.4252,8.88016,153.1676
0.08703,10.8601,8.81458,230.5977
0.08961,10.9332,9.0701,86.01
0.10172,11.2774,9.19378,240.53751
0.11292,11.475,9.08732,234.2791
0.11204,10.9788,8.7065,142.6703
0.11268,10.8248,8.85857,194.32629
0.07244,10.1756,8.84366,100.7979
0.06735,10.4888,8.6816,95.0583
0.08826,11.0277,9.12466,208.89259
0.07389,10.7723,8.87688,136.1685
0.06623,10.5227,8.9986,137.024
0.11221,10.8606,8.4689,144.7066
0.11197,10.8187,8.8091,142.715
0.04579,10.5649,9.0255,174.71719
0.08634,10.2505,8.80105,130.9982
0.09055,11.1608,9.03415,208.2274
0.10168,10.5901,8.89537,155.9279
0.07373,11.2433,8.8538,151.09689
0.10166,11.1825,8.69919,163.2574
0.08671,10.67,8.98242,139.74631
0.26965,11.8101,8.82345,286.13641
0.10837,10.4795,8.26025,77.219
0.08736,10.87,8.98201,195.8062
0.1428,10.9198,8.76058,158.36411
0.12336,10.7406,8.80649,147.0289
0.12936,11.4717,8.88312,235.36121
0.06759,10.4067,9.08329,167.02901
0.12327,10.8467,8.6647,106.242
0.06752,10.7515,8.43116,122.303
0.12005,11.3418,9.20982,224.4959
0.11205,11.0217,9.05814,210.6333
0.10522,11.2438,8.90344,137.912
0.0673,10.1527,9.08312,95.3385
0.12809,10.8618,8.46025,94.4424
0.06792,10.3179,8.72818,110.2405
0.06693,10.2997,8.74953,99.8172
0.12828,11.4842,9.10903,337.5899
0.12757,11.2711,9.00619,160.5484
0.04387,9.8888,8.6594,54.8266
0.03906,10.5327,8.69598,61.7122
0.08803,11.4219,9.19772,251.4688
0.0744,10.3138,8.92774,102.8651
0.13866,11.3783,9.1804,199.8438
0.12874,11.144,8.41496,129.95
0.14077,11.023,8.75032,170.63
0.06737,10.7423,9.02071,141.9492
0.12697,10.9637,9.14845,140.5022
0.08146,10.2062,8.41807,86.6025
0.23935,11.4836,9.11775,272.04041
0.09857,11.236,9.14051,159.03951
0.12576,10.6203,8.15451,104.4974
0.06294,11.2597,8.74591,187.4926
0.02486,10.3752,9.33186,128.85361
0.08131,10.5251,8.32068,74.486
0.12515,10.6796,8.74661,226.4846
0.0562,9.9353,7.96466,85.5161
0.12258,10.94,8.99224,154.6841
0.18499,11.4864,9.00368,269.7934
0.08448,10.7701,8.90673,197.2395
0.15362,11.0299,8.69947,133.78259
0.0968,10.9678,9.06216,166.66499
0.09598,10.7321,8.92251,121.8363
0.09653,10.8577,8.93744,184.70979
0.03772,10.6396,9.47029,123.1367
0.09732,10.8796,9.00771,205.3708
0.18465,11.4621,8.83286,170.7265
0.11716,10.8694,8.80971,125.7569
0.06421,10.371,9.15962,128.5573
0.09487,10.615,8.33915,59.6548
0.09715,11.0806,8.83325,146.03259
0.09711,10.8847,9.10075,162.3849
0.09212,10.6031,8.87302,166.8519
0.09587,10.5324,8.42088,93.2163
0.05547,10.4273,8.88934,98.8274
0.04888,10.2161,8.29657,49.6654
0.03896,10.5659,8.42291,115.8544
0.05586,10.5066,8.45492,90.8631
0.09715,10.8958,8.56223,97.4716
0.09938,11.0427,8.45166,140.5639
0.04907,10.138,8.60638,67.5741
0.07935,10.6405,8.58394,62.7782
0.079,10.6327,8.86853,113.5488
0.06584,10.9602,8.96451,97.0471
0.1043,10.4863,8.69621,127.1086
0.06698,10.9002,8.61898,149.85361
0.10542,11.0737,8.84226,177.8681
0.06784,11.4112,9.20596,200.9514
0.10003,10.9372,8.99801,178.5948
0.10365,10.8813,8.99316,100.2899
0.17303,11.1642,9.01058,175.8896
0.10117,10.7891,8.78021,115.2032
0.02493,10.0193,9.01408,78.8098
0.14471,11.1759,8.37313,118.105
0.0983,11.1521,8.77342,204.27679
0.09827,10.376,8.77098,63.7781
0.07335,10.8813,8.9877,204.0694
0.18823,10.9748,8.50841,187.496
0.04972,10.2366,8.70105,90.3054
0.05846,10.7864,9.08519,143.7392
0.10268,10.9874,8.89029,144.8414
0.14779,10.7556,8.55649,131.528
0.07573,10.2466,8.50448,63.4295
0.07518,10.6055,8.40895,101.7784
0.02726,10.0379,8.74173,74.026
0.12637,10.9567,8.79534,170.4061
0.10013,10.9471,8.8621,149.2244
0.04059,10.7187,8.47154,87.0362
0.10957,10.9119,9.04586,224.5764
0.09788,10.7869,8.72417,110.1294
0.07491,10.329,8.84012,118.8647
0.02709,10.5174,9.32325,146.7148
0.10252,11.0399,9.03983,160.76489
0.12547,11.287,8.81356,162.3087
0.10298,11.1846,9.08896,204.3053
0.03931,10.3338,8.53389,97.8614
0.07286,10.808,8.93579,122.0202
0.10279,10.8586,9.38199,187.7966
0.07659,11.0477,8.79091,157.87579
0.10022,10.9867,8.52851,127.5481
0.02588,10.4581,8.77613,112.9217
0.03955,10.0439,8.11222,105.5422
0.08848,10.9931,8.9345,146.9422
0.07208,10.2482,8.74067,108.2654
0.0774,10.4387,8.76758,120.1716
0.10855,10.5291,8.65941,93.5141
0.1317,10.9166,8.92726,170.54041
0.06885,10.6996,8.92727,146.4839
0.12444,11.0007,9.18576,155.8891
0.09987,10.7921,8.67156,114.3361
0.098,10.9609,8.91658,141.83569
0.12267,10.7295,8.49987,149.98981
0.06372,10.9451,8.82144,134.2578
0.07795,10.8403,8.51734,109.5119
0.23149,11.2861,8.81656,217.3712
0.06951,10.7358,8.73592,103.8721
0.09922,10.8709,8.8227,112.0853
0.09855,10.4841,8.42476,143.6124
0.0645,10.2059,8.67243,73.5546
0.07721,10.2217,8.85388,97.6505
0.06439,11.3531,9.59722,263.9949
0.12195,10.9192,9.13674,163.94791
0.09889,11.0851,8.91716,179.0891
0.04826,10.999,8.81028,161.5708
0.07461,10.7507,8.4628,91.9617
0.04116,10.2616,8.20741,51.3298
0.07385,11.0092,9.08838,245.8521
0.09315,10.5891,8.77692,98.8291
0.09702,10.8725,8.61275,223.3434
0.09907,11.3142,9.1907,255.2764
0.12447,10.6896,8.43508,56.913
0.10002,11.0305,9.05906,150.3085
0.03726,9.9979,8.65118,60.5541
0.03995,10.7621,8.75957,172.54761
0.0968,10.7397,8.81787,175.9016
0.07964,10.5698,9.0042,114.2107
0.15229,10.4296,8.83068,90.5784
0.09721,10.7196,8.67915,139.2646
0.07846,10.782,8.88229,138.0632
0.09854,10.4552,8.31085,102.6647
0.11281,10.3739,8.4273,70.5393
0.09748,10.9894,9.11595,231.386
0.07854,10.8944,8.66837,92.1673
0.03893,10.2435,8.94016,91.042
0.09901,10.5251,8.61633,88.8602
0.0823,10.3008,8.69358,113.1385
0.07687,10.0392,8.24747,16.5396
0.04918,10.561,8.84336,144.86
0.04573,10.7922,8.96618,140.1712
0.14065,10.8827,8.65193,131.0546
0.15181,10.6017,8.74291,148.0788
0.11303,10.818,8.80376,156.3607
0.14366,10.7819,8.88971,146.41811
0.07583,10.3365,8.8598,98.3289
0.07565,10.9986,8.75384,110.6227
0.09826,10.8455,8.8132,151.1068
0.12607,11.0438,8.9337,174.09979
0.10009,10.4273,8.97537,141.6369
0.09615,10.1897,8.51346,100.1059
0.13091,10.5462,8.3684,63.6161
0.06337,11.1713,8.8251,146.92039
0.17179,11.1869,8.64327,161.5658
0.17148,11.1527,8.69949,245.6432
0.16862,11.4911,8.77765,255.6561
0.13784,10.9721,8.98137,187.0015
0.13208,10.6645,8.31393,47.8657
0.08214,10.2791,8.87638,156.0106
0.06385,10.3274,8.56986,76.3964
0.09959,10.6579,8.53929,100.1135
0.07223,10.9659,8.59054,164.2511
0.07298,10.9323,8.95886,180.7281
0.07147,11.003,8.94807,120.4493
0.14381,10.7268,8.35935,119.2769
0.03991,10.7403,9.21902,223.974
0.06343,9.8704,8.33113,57.4798
0.07036,10.8186,9.22898,193.3326
0.18597,10.9043,8.59261,68.7826
0.06957,11.6652,9.46656,181.7124
0.10517,10.7863,8.23268,101.2979
0.20545,10.9861,9.03147,124.9491
0.14535,11.0352,9.19121,154.7675
0.1046,11.1911,8.91232,140.04269
0.13478,10.8945,8.79417,125.0782
0.10442,10.4461,8.6594,119.8051
0.12968,11.0827,8.87598,130.642
0.10429,10.8572,9.18911,179.1037
0.10345,10.9252,9.28699,160.57809
0.16911,11.0731,8.68095,140.70959
0.09866,10.4511,8.86388,121.408
0.02446,10.5805,9.27701,129.58971
0.07679,10.4125,8.93163,123.578
0.14703,10.7776,9.00719,88.3184
0.07387,11.1435,9.0277,167.1024
0.14496,11.3111,9.006,234.63091
0.07693,10.5363,8.89376,90.903
0.07741,11.1759,9.27443,155.0845
0.06834,11.5416,9.18658,273.6192
0.07379,11.1129,9.29164,185.3268
0.13307,11.0564,8.54589,110.5395
0.09595,10.9502,8.62649,85.2504
0.09105,10.7301,8.79356,150.6539
0.10016,10.7575,8.41626,86.769
0.0963,10.7812,9.29534,144.3082
0.17269,11.0518,8.4733,135.5714
0.13197,11.1433,9.03935,253.3961
0.0636,10.8266,8.97041,163.35609
0.06887,10.4275,8.92623,168.3073
0.10193,11.0284,8.66623,162.49519
0.1005,10.6901,8.71686,142.06351
0.06894,10.494,8.82804,87.2822
0.10047,10.7892,8.77524,158.9736
0.14688,10.9786,8.6975,178.022
0.09892,10.9402,8.99249,205.0351
0.10117,10.6524,8.49409,103.0158
0.10398,10.9438,8.84215,146.455
0.04014,10.1675,8.62818,116.0134
0.08685,10.539,8.49416,106.5044
0.07445,10.8054,8.9187,166.89549
0.1067,10.819,8.75385,147.62199
0.09978,10.8859,9.10692,135.7659
0.10077,11.4296,9.10728,202.74091
0.10696,10.8088,8.34161,101.5626
0.02457,9.6816,9.71022,180.6557
0.02478,10.1872,8.97527,106.1706
0.07371,11.3227,9.03208,117.623
0.0975,10.6318,8.78178,131.5399
0.07268,10.5318,8.71468,108.1776
0.09983,10.1891,8.4081,80.7101
0.07315,10.8635,8.54681,101.9207
0.04302,9.6556,8.10052,71.9472
0.03951,10.1231,9.02568,120.6656
0.12508,11.3064,9.1173,195.9097
0.12626,11.2264,8.93771,186.44479
0.09715,10.6052,9.09669,183.18851
0.10567,11.0226,8.68415,161.5721
0.18596,10.8471,8.62706,94.9291
0.14391,10.8248,8.52188,140.539
0.06979,10.1014,8.48456,81.3365
0.02501,9.5115,8.25134,108.6471
0.15383,11.1889,8.39367,117.5521
0.10225,11.1182,8.83946,230.91431
0.10422,11.041,9.06665,238.7683
0.10345,10.7124,8.6514,160.748
0.11061,10.9562,8.89854,172.97301
0.07291,10.435,9.16834,141.3287
0.13372,10.9753,8.79057,147.9704
0.10226,11.1356,8.75953,175.442
0.07047,10.8594,8.99448,128.0415
0.07072,10.0078,8.31863,65.5776
0.07523,11.0967,8.44162,107.1756
0.10323,10.9097,8.78668,160.1539
0.07593,10.3503,8.81922,114.3489
0.07548,10.0441,8.35026,76.2877
0.10349,10.9275,8.66926,121.6043
0.10643,10.649,8.86225,101.7628
0.07072,11.0827,8.88153,148.0441
0.07091,10.9183,8.84608,130.04961
0.10127,10.6841,9.05495,198.7856
0.10176,10.8415,8.49447,119.9812
0.10137,11.0483,9.13524,241.4782
0.10302,10.5274,8.52647,124.6522
0.04964,10.8029,9.00005,170.1198
0.07563,10.8474,8.91991,132.2243
0.15406,11.1776,9.13417,204.5629
0.10324,10.9318,8.82093,134.6158
0.10562,10.9498,8.69724,145.9174
0.14279,10.9296,8.75244,96.2125
0.10255,10.5479,8.34007,92.2151
0.10424,10.7188,8.9542,127.9139
0.10167,11.1219,8.97065,175.1763
0.10507,10.7208,8.39005,142.33369
0.10193,11.0663,9.20225,137.87579
0.10037,10.5726,8.38647,74.8356
0.10258,10.9655,8.85486,162.2455
0.1058,10.76,8.65901,102.1751
0.07347,10.9172,8.64129,173.7126
0.07103,11.1091,9.18669,223.4924
0.07152,10.7459,8.97318,131.92101
0.07168,10.4164,8.61386,68.2969
0.06771,10.3143,8.76327,91.2054
0.14278,10.9922,8.41481,77.9137
0.10444,10.6828,8.68977,134.5609
0.10002,10.5174,8.7641,151.0903
0.09998,10.8267,8.73393,142.12331
0.14454,11.4789,8.76545,222.56081
0.07406,10.5266,8.77686,95.4158
0.07031,11.1878,9.23547,231.08051
0.10096,10.9707,8.83039,134.7131
0.0748,10.449,8.72673,108.4767
0.17609,11.0341,8.64065,186.26421
0.07359,10.2109,8.86102,102.1024
0.07381,10.5796,8.762,98.8784
0.07646,11.029,8.63376,113.5258
0.10074,10.6346,8.63156,173.0099
0.07429,11.3842,8.70994,180.92931
0.15532,11.1609,8.72467,165.40829
0.1804,10.8708,9.01983,167.4563
0.18049,11.221,9.04319,201.37891
0.10273,11.0089,8.50993,112.4268
0.09726,10.4814,8.54308,96.1993
0.13185,11.0834,8.79373,121.578
0.14058,10.9262,8.84296,141.0811
0.16961,11.2485,9.11219,215.3317
0.10183,10.4333,8.8448,109.5796
0.04944,9.7846,8.6721,43.3956
0.12138,10.7832,8.63152,114.0572
0.07553,11.2439,8.89865,160.6024
0.12053,10.8763,8.4738,110.0251
0.1048,10.8589,8.85943,148.5925
0.10499,10.5104,8.31202,73.8256
0.11597,11.1155,8.872,99.9052
0.13282,11.1835,9.2417,227.8058
0.20213,11.3801,8.49723,144.0634
0.12166,10.9471,8.78393,139.84419
0.04983,10.4376,9.10093,157.79201
0.07526,10.9289,9.09955,169.7357
0.14542,11.0439,8.78221,154.9393
0.07538,10.708,9.16731,173.0096
0.13289,10.8986,8.82763,208.5983
0.11476,10.8827,8.77637,141.25121
0.12329,10.6051,8.4322,49.9639
0.19905,11.3198,8.97877,165.7056
0.14544,10.9484,8.64815,136.15939
0.08561,10.9063,8.9071,120.2639
0.13284,11.1951,8.72127,157.36459
0.06161,10.4939,8.86743,103.5967
0.06152,10.5639,8.75331,106.267
0.07274,10.0192,8.43794,76.7937
0.14778,10.9417,8.61697,78.7701
0.09146,10.3989,8.25996,93.7162
0.04271,10.8167,9.61387,171.09219
0.1325,11.2166,9.00318,177.6505
0.07747,10.3241,8.89614,118.3356
0.04872,10.2929,9.25978,98.8518
0.25534,11.7094,8.82108,287.36691
0.07734,11.1118,8.8422,117.2288
0.15118,11.5195,9.02396,199.6111
0.10056,10.6623,8.66077,128.9182
0.04103,10.7207,9.02319,133.3752
0.11299,10.6123,8.85877,153.8194
0.11045,10.5681,8.49474,64.7429
0.08979,10.9515,8.59484,114.7752
0.19381,11.382,8.61575,173.08459
0.0688,11.0132,9.12643,244.38811
0.06369,10.4576,8.77563,120.0651
0.06854,11.5496,9.13299,294.3244
0.06834,10.7443,8.99034,155.45461
0.15218,10.954,8.69769,151.0593
0.0725,10.3254,8.70135,56.8681
0.14258,10.9026,8.28291,143.0432
0.10231,10.666,8.57841,106.5078
0.14608,11.1205,8.59827,128.98019
0.1018,10.9923,9.12817,163.88361
0.07284,10.9323,8.80594,129.13181
0.10037,11.0434,8.89994,179.9066
0.1003,10.7226,8.4849,106.6559
0.07152,10.5455,8.87859,128.38651
0.06764,10.6256,9.06837,93.5216
0.10411,11.0264,8.90974,170.59509
0.09842,10.592,8.66644,114.4851
0.10014,10.7307,8.69477,122.1396
0.06638,11.2675,9.21222,241.0033
0.26078,11.5684,8.96021,270.35199
0.04923,11.0019,9.38645,225.963
0.04961,9.7952,8.4488,50.2806
0.18187,11.0241,8.31349,36.9085
0.09743,11.4345,9.04728,269.9899
0.13084,10.7757,8.66755,120.6415
0.0399,10.6925,8.44596,76.5317
0.09938,11.0816,8.84976,212.7347
0.12403,11.0763,8.58682,177.8521
0.0872,10.8302,8.91408,111.5647
0.15603,11.0682,8.70425,167.8456
0.12671,11.2429,9.03375,270.58041
0.14006,10.9572,8.70131,168.7924
0.12729,10.7601,8.57722,134.0255
0.13279,10.9755,8.83512,159.82851
0.20312,11.5054,8.73584,191.1116
0.19821,11.0402,8.27921,139.2578
0.13148,10.9288,8.45994,135.9093
0.06481,10.8457,8.97431,199.5862
0.12523,10.9952,8.8143,135.3262
0.13522,11.1602,8.83172,189.69299
0.06145,10.4117,9.10251,120.7725
0.029,10.5172,8.84622,152.44209
0.074,10.2257,8.86019,125.7609
0.1277,10.5839,8.34659,89.6712
0.13097,10.6267,8.50496,83.3106
0.12535,10.8074,8.52244,162.908
0.13497,11.2933,8.88063,258.422
0.09029,10.3311,8.41966,111.1841
0.12438,11.0153,8.98882,192.5714
0.1289,10.7478,8.71308,133.44701
0.13236,10.8986,8.68894,141.28419
0.02969,10.1083,8.91008,108.8031
0.06802,10.6242,9.14891,132.842
0.02536,10.0527,8.52213,45.6282
0.07564,10.1174,8.43909,112.5427
0.104,11.0221,9.09256,175.24049
0.10416,10.7036,8.81604,105.2834
0.1975,11.2453,8.583,176.05029
0.10428,10.4769,8.01932,13.9438
0.07584,10.5518,9.04213,130.56149
0.12551,10.8182,8.77734,166.29111
0.07924,11.1616,9.05883,149.8183
0.05253,10.8812,8.98945,166.07111
0.07542,10.5745,8.9665,98.2487
0.12451,10.6121,8.56674,130.38271
0.11273,10.9135,8.54566,131.8493
0.11804,11.1567,8.82701,129.89999
0.10561,10.7877,9.14852,176.71069
0.04641,11.1762,8.92921,214.4975
0.16391,11.2722,8.77156,186.5634
0.0603,10.8184,8.79375,99.9401
0.14197,11.2304,8.76794,188.7292
0.0777,10.7884,9.20945,162.0056
0.11825,11.0419,9.13392,181.9099
0.07645,10.4567,8.87889,87.9669
0.11857,10.8734,8.53626,136.8989
0.13331,10.9391,8.82357,178.7883
0.07687,10.7513,8.57157,89.9278
0.11939,10.9822,8.9104,239.3815
0.07992,10.2533,8.56437,98.2082
0.10517,11.0189,8.87045,167.6223
0.13226,10.8198,9.22461,137.8911
0.07664,11.0154,8.87956,96.2477
0.11698,11.0751,8.83131,193.6485
0.05015,10.4025,8.88989,110.1192
0.10564,10.5959,8.70015,122.9164
0.10456,10.788,8.77645,99.7535
0.1156,11.0538,8.97408,160.3756
0.10405,10.5109,8.51604,108.8837
0.04797,10.5066,8.66105,99.9702
0.04798,10.0071,8.45115,78.6261
0.12056,10.7643,8.36188,104.8962
0.04863,10.3967,8.75163,97.507
0.10449,10.9491,8.91671,177.4234
0.07334,10.7099,9.01563,152.3477
0.19412,10.9679,8.69886,175.0208
0.12677,11.0316,8.70371,179.8038
0.1043,10.5692,8.45629,109.1523
0.10357,10.7426,8.83252,183.6832
0.11861,10.9499,8.65177,170.27299
0.12357,11.3591,8.90576,149.63229
0.08641,10.5787,8.93748,148.6024
0.12862,11.0333,9.32547,259.7485
0.12911,11.5841,8.89293,212.4865
0.1325,11.1698,9.13972,147.289
0.13984,11.2276,8.7237,163.85271
0.06125,10.7047,8.83039,107.2087
0.11587,11.6743,9.06804,184.84891
0.05006,9.8797,7.90978,59.6888
0.11182,10.8238,8.63759,139.7641
0.13375,10.799,8.77491,145.5795
0.14157,11.125,8.53193,134.2697
0.11433,10.4961,8.69135,120.0141
0.19639,11.3301,8.88676,206.3907
0.11535,10.6526,8.70835,143.70399
0.10463,10.8944,8.5993,116.8587
0.11379,10.9362,8.65695,121.0071
0.02917,10.3381,9.23586,198.351
0.12026,10.9031,8.6235,187.1048
0.12601,11.4005,9.30522,291.05371
0.02868,10.233,8.27404,65.2985
0.11911,10.9847,9.14374,139.5912
0.0664,10.3237,8.57851,88.4967
0.13315,10.9888,8.92695,196.1265
0.13294,11.1002,9.15553,204.9744
0.13255,10.889,9.01449,252.866
0.12841,10.9899,8.73826,118.156
0.14796,10.8509,8.70966,131.3456
0.09735,10.6589,8.93689,137.12601
0.13364,11.2896,8.8228,173.9147
0.10638,11.1247,8.84726,161.6198
0.10596,10.8284,8.48864,132.21831
0.07702,10.582,8.52393,64.4503
0.09478,10.9019,8.75696,144.7321
0.1072,10.4874,8.47045,110.1227
0.10693,10.9416,8.62297,131.5822
0.02689,10.1558,8.52796,30.006
0.11817,10.6931,8.80619,161.80119
0.10679,10.8297,8.99019,145.6358
0.13835,10.7092,8.63682,92.3303
0.11899,11.1434,8.69071,154.6169
0.08033,10.0928,8.54021,82.2893
0.11708,10.8905,8.80343,132.7742
0.12012,10.9212,8.56575,107.4206
0.0474,10.4339,8.88747,66.8383
0.04778,10.8024,8.80313,103.4827
0.085,10.9981,9.045,279.03729
0.07911,10.2131,8.01886,0.0
0.16065,10.7865,8.81499,123.3067
0.15672,11.1804,8.77174,177.8008
0.11845,11.2645,8.68839,127.5075
0.10151,10.6402,8.54297,107.9574
0.12015,10.5119,8.50403,112.7557
0.11709,10.6538,8.58869,110.3421
0.11907,10.6944,8.76222,162.9411
0.12115,10.6619,8.76665,136.59509
0.172,11.1929,8.63963,136.17149
0.11768,11.019,9.0478,171.3801
0.1167,11.0702,8.64941,155.6884
0.13725,11.0258,8.90455,136.43539
0.07813,10.9841,8.83014,146.763
0.12487,10.6392,8.81631,127.3365
0.25233,11.6301,8.82513,232.9697
0.11603,10.8057,8.76383,159.1183
0.11826,10.968,9.1605,147.6841
0.1183,10.5808,8.57228,91.1107
0.11206,10.555,8.73002,105.1635
0.11697,10.9684,8.68536,138.9048
0.07828,10.7024,8.5342,118.4302
0.07777,10.8012,8.56227,172.2408
0.10577,10.7574,8.507,119.6457
0.07937,10.1862,8.40776,75.3726
0.07742,10.5435,8.74718,110.8429
0.15576,11.2505,8.73479,177.02361
0.15673,10.9744,8.37701,89.5789
0.09398,10.8159,9.19176,152.1055
0.15653,10.8858,8.73421,124.1624
0.09348,10.4227,8.57213,94.478
0.06061,10.4288,8.93894,108.3195
0.1064,11.0038,8.87277,133.6537
0.13084,10.7001,8.68773,125.179
0.04991,10.3786,9.35845,170.1772
0.10778,11.22,8.76623,193.69
0.0934,10.7157,8.72598,125.6241
0.10651,11.4893,8.53982,218.7377
0.13161,10.4788,8.35897,73.1017
0.07745,10.7943,9.18168,129.4252
0.07784,10.6026,8.84965,194.37399
0.07696,11.4779,9.72142,121.1815
0.09945,10.8779,8.72891,178.9622
0.10943,10.5016,8.77104,85.1872
0.09556,10.596,8.36923,68.8821
0.11825,11.0751,8.97277,163.54739
0.11295,10.8343,9.16473,158.1785
0.09213,11.0753,8.7359,155.2852
0.1064,10.7621,8.80515,126.4317
0.09199,10.6651,8.30835,15.49
0.15818,11.0592,8.84375,169.49741
0.13641,10.8705,8.81271,171.1731
0.07506,11.0255,8.58217,155.20351
0.10641,10.5682,8.9345,140.75771
0.11952,10.7542,8.75753,186.19
0.10765,10.7368,9.05566,124.5531
0.10744,10.9659,9.07517,156.0137
0.17786,10.7916,8.67808,103.7944
0.07568,10.5963,9.28866,208.59309
0.13327,10.9695,8.93863,135.67439
0.10727,10.7234,8.66576,98.6001
0.11705,10.5122,8.82239,118.0285
0.1215,10.8981,8.36921,88.2029
0.09377,10.7058,8.91488,135.0782
0.09409,10.7078,8.74337,104.4287
0.0583,10.5202,9.03731,117.1177
0.10519,10.874,8.95277,188.7524
0.10521,10.5764,9.23941,155.427
0.13823,11.0253,8.62544,151.662
0.11163,10.9076,8.83384,131.353
0.06093,10.9222,9.17974,143.44881
0.09337,10.55,8.5551,101.5564
0.09294,10.7392,8.7483,175.8868
0.09316,10.568,8.64884,63.6846
0.09285,10.8902,8.79215,137.18089
0.1109,11.1877,8.93027,162.0477
0.10625,10.6914,8.52727,103.1493
0.12558,10.7312,8.72512,118.9534
0.17893,11.3723,8.96521,228.6895
0.08681,11.2305,9.08387,221.0
0.10412,10.8345,8.71299,131.9808
0.0852,10.2498,8.37655,70.0664
0.09641,10.9862,8.76862,132.1228
0.07663,10.2483,8.63068,80.7776
0.10116,10.7234,8.67832,104.2982
0.10463,10.4982,8.76473,122.677
0.12137,10.7439,8.62059,124.8927
0.12077,10.7333,8.65106,164.28841
0.12743,11.3399,8.94249,253.401
0.0841,10.6364,8.73378,153.283
0.13161,10.3907,8.63788,103.2557
0.06911,9.867,8.38314,47.3751
0.10779,10.5312,8.57086,63.5178
0.12529,10.9672,8.6706,122.2586
0.1269,10.6604,8.75551,102.4099
0.10548,10.2135,8.05418,46.0142
0.10917,10.637,8.64676,149.96719
0.10834,10.6996,8.65587,77.9928
0.08003,10.8912,8.72308,155.91879
0.08075,11.0151,8.86868,170.8139
0.1266,10.9771,9.07463,177.30141
0.17999,11.1284,8.77433,156.79469
0.13802,10.7997,8.54773,83.4148
0.12786,10.6509,8.73034,154.2984
0.15428,11.1873,8.82013,209.0629
0.17941,11.114,8.56755,105.1273
0.22731,11.2312,8.71569,214.30859
0.02862,9.8921,8.80054,76.9878
0.10819,11.0678,8.7869,198.3968
0.16253,10.9866,8.45031,126.6921
0.10527,10.6095,8.81106,128.882
0.13061,10.8039,8.23631,117.3902
0.12521,11.1119,8.94468,179.6862
0.12454,10.8402,8.90233,156.25929
0.11989,10.9081,8.2912,104.326
0.12117,10.9905,8.58805,107.8514
0.11984,11.3195,9.05386,275.04639
0.10577,10.3089,8.06958,0.0
0.12816,10.6809,8.40629,92.8372
0.07712,10.4735,8.39931,105.8085
0.10653,10.4378,8.6954,101.1268
0.1051,11.2538,9.08869,206.2108
0.0514,10.2576,8.70895,122.0323
0.1075,10.5018,8.58496,118.0069
0.13461,10.5757,8.38387,114.242
0.12065,10.8736,8.79815,166.67641
0.12336,10.9979,8.74036,169.75459
0.0948,10.7399,8.56805,133.0647
0.10615,10.3107,8.37178,78.8076
0.10645,10.6298,8.56576,104.3171
0.10521,10.5634,8.76483,214.27991
0.08071,10.3411,8.03948,110.0221
0.13367,10.9779,8.99815,256.65521
0.1141,10.9268,8.78103,165.0762
0.13556,10.5498,8.39363,127.5916
0.13524,10.9095,8.76629,141.06149
0.10533,10.6963,8.712,151.2802
0.10552,10.6574,8.69079,152.5507
0.10672,11.3537,8.99856,235.70329
0.09502,11.0202,8.93032,165.1331
0.0776,10.6262,8.82805,121.4734
0.26489,11.2142,8.91758,311.0563
0.13473,10.8478,8.60436,140.5938
0.07856,10.7001,9.0563,154.4171
0.04735,10.6626,8.8761,219.35429
0.08341,11.0633,8.66311,275.1283
0.12649,10.9415,8.36889,58.2351
0.12572,10.984,8.39052,147.3969
0.06917,10.1991,8.87591,103.4468
0.1939,11.3038,8.85283,194.9287
0.13746,10.7834,8.68838,119.3155
0.11139,11.0704,8.48867,150.33791
0.07826,10.4066,8.75576,95.5988
0.07826,10.746,9.12731,108.1322
0.10702,10.5614,8.46921,46.734
0.10728,10.6983,8.84444,114.2575
0.13943,11.0034,9.19719,257.03711
0.26104,11.4379,8.68218,205.95261
0.13583,10.9595,8.79959,143.5856
0.13591,10.9092,8.78469,119.3216
0.04732,10.914,9.18848,159.94031
0.13678,10.8919,8.65711,135.11031
0.07853,11.0314,8.62116,95.3625
0.04734,10.8259,8.97569,150.998
0.10622,11.0949,9.01128,135.32159
0.10718,10.4881,8.59627,93.8118
0.1072,10.5966,8.65514,121.85
0.12723,11.1751,8.98271,194.1584
0.07692,10.8818,8.83666,138.85471
0.08166,10.9505,9.03582,155.9265
0.08115,10.604,9.06757,196.4001
0.04748,10.4689,8.45971,67.3294
0.04741,9.9941,8.54513,69.6395
0.19564,11.6175,8.62533,205.7608
0.12897,11.3232,8.30764,173.0479
0.12755,10.83,8.98192,144.3902
0.12237,10.9335,8.94448,141.31911
0.10737,10.8186,8.8554,127.3459
0.10974,10.9885,8.59798,125.9908
0.13763,10.9617,8.82042,164.1927
0.22789,11.4486,8.57501,141.173
0.1578,11.077,8.73237,175.7066
0.08043,10.3774,8.71359,82.5085
0.07819,10.7939,8.88852,146.4673
0.07901,10.8647,9.1188,123.7083
0.10896,10.8277,8.76874,115.8945
0.06476,10.5025,8.35254,91.2382
0.10765,10.8035,9.12451,169.42461
0.07824,11.0695,8.84235,119.848
0.07915,10.5575,9.07741,135.9745
0.07893,10.7546,8.98589,138.6434
0.1575,10.9122,8.49854,74.0196
0.15821,11.0209,8.86385,153.91451
0.0783,10.4928,8.70811,83.8526
0.16928,11.4684,8.67794,208.97189
0.16917,11.0687,8.95146,179.7366
0.12893,11.0861,8.93954,139.14101
0.19909,11.053,8.55797,104.6917
0.1031,10.4968,8.94317,140.4057
0.14908,11.3023,9.17996,182.2905
0.07821,11.0082,8.96517,144.05701
0.12653,11.2178,8.68078,147.39349
0.13119,10.8287,8.53666,146.2462
0.12855,11.0705,8.98254,157.94521
0.11639,11.2429,8.81187,169.0103
0.17172,11.1247,8.68552,177.33701
0.1157,10.7819,8.73876,145.3457
0.12225,10.9449,8.65224,282.68961
0.1082,11.0717,8.91323,162.03619
0.11826,11.1329,8.77597,194.5218
0.1787,11.4821,8.88247,170.91431
0.09857,11.0383,8.80149,179.3766
0.09397,10.8639,8.72343,105.4879
0.1313,11.2274,8.84943,152.6553
0.0603,10.4709,8.21245,96.8887
0.14999,11.3143,8.5628,202.8607
0.17487,11.0565,8.33787,123.4819
0.07463,10.4168,8.53555,84.7394
0.07657,10.2706,8.41528,109.8561
0.11986,10.9481,8.76531,131.5146
0.1804,11.0952,8.42539,112.0423
0.1208,11.0931,8.16659,91.0375
0.123,10.8092,8.94565,177.27319
0.16856,11.191,8.94898,174.8631
0.084,10.9496,9.2382,180.36971
0.0799,10.4499,8.4098,85.0925
0.16966,11.3753,9.15153,214.3746
0.07565,10.4584,8.60402,84.5168
0.09473,10.6882,8.53173,100.2303
0.0802,10.3862,8.91551,109.0243
0.12507,11.416,9.25754,241.5686
0.09484,10.6935,8.4695,104.2974
0.08288,10.4534,8.63795,96.5991
0.17541,11.3612,8.80316,248.5047
0.07682,10.6063,8.59303,102.318
0.12062,10.7552,8.95767,171.45461
0.13002,10.8064,8.29696,98.5982
0.1461,10.9322,8.88581,160.451
0.12943,11.0001,8.66876,140.42239
0.12148,10.6971,8.6688,106.3939
0.12118,11.1747,8.71199,176.6338
0.14549,11.4397,8.86666,248.2578
0.0838,10.1751,8.81685,95.56
0.12749,10.6434,8.74763,124.0955
0.12663,10.9614,8.86617,172.7511
0.12452,11.1187,8.80483,184.2509
0.24381,11.3189,8.61552,153.66991
0.07698,11.1968,9.03822,225.99049
0.12109,10.7672,8.56796,190.1532
0.14495,10.9215,8.69461,156.5722
0.12996,10.9809,8.93894,131.7652
0.13192,11.1868,8.92377,174.3065
0.12578,11.2844,8.70015,175.00121
0.13239,11.3169,8.57752,148.2811
0.10728,10.9098,8.84711,126.754
0.12449,10.678,8.74291,129.4187
0.08573,9.8893,8.32175,122.7751
0.13234,10.8155,8.50392,104.4457
0.06454,11.0354,8.67357,185.0284
0.13349,11.1631,8.67688,161.2276
0.13289,10.8331,8.60577,145.7832
0.07795,11.0051,8.95299,198.2701
0.13318,10.612,8.41777,103.0229
0.07623,10.4538,8.70047,145.164
0.06061,9.8508,8.23822,63.0454
0.07756,10.7559,8.75988,127.3376
0.07774,10.4081,8.5833,86.0538
0.10795,10.6415,8.89319,122.7405
0.10817,10.7114,8.86713,109.5138
0.04756,10.1306,8.67788,57.3433
0.07662,10.7563,8.83593,128.97189
0.07802,10.8634,8.93499,141.3638
0.0764,11.1331,8.8852,232.4543
0.1687,11.1089,8.80128,195.1179
0.10699,10.7012,8.7149,101.7879
0.20208,11.425,8.95846,218.5002
0.13261,10.8973,8.88739,164.83521
0.06209,10.0478,8.88809,61.0865
0.07579,10.5549,8.4924,89.2002
0.09539,11.0696,8.7798,195.5627
0.09558,10.7291,8.75121,156.0766
0.13087,10.6823,8.77512,174.3533
0.12556,10.745,8.63305,130.49989
0.0764,10.4341,8.43362,86.3609
0.10291,11.0089,8.89938,173.6207
0.04736,10.6926,8.83833,118.7759
0.17865,11.1926,8.56671,168.6761
0.0949,10.7763,8.82471,172.7009
0.08144,10.43,8.69353,81.1123
0.12418,11.021,8.58116,135.1131
0.07741,11.0101,8.85467,181.9966
0.08657,10.6825,8.95596,153.76559
0.10086,10.3237,8.29357,125.7665
0.19853,11.0417,8.0926,132.099
0.0866,10.4236,8.4066,79.2336
0.17403,10.9614,8.3511,154.2173
0.16455,11.2144,8.94106,211.4379
0.09409,11.1279,9.34088,254.996
0.10809,10.4525,8.73948,87.723
0.16531,11.0207,8.65318,167.8956
0.1252,10.9636,8.56411,141.423
0.08161,11.0258,9.19468,223.438
0.08519,10.7141,8.47741,107.4917
0.13935,10.7403,8.43826,95.5724
0.06207,10.8024,9.06448,136.2626
0.09385,10.5877,8.36337,66.8058
0.03858,10.1701,8.84788,80.4714
0.16251,10.7479,8.62656,152.94679
0.163,10.9687,8.86667,139.25079
0.09461,10.5838,8.68743,137.6167
0.08188,11.1676,8.76812,168.72971
0.16344,10.8418,8.57468,174.4659
0.0819,10.8138,9.23719,195.9286
0.07528,10.1186,8.86627,108.2601
0.08194,11.2286,8.97517,223.5802
0.07974,11.0107,8.79135,208.2722
0.08165,11.0337,9.01632,168.71339
0.10388,10.823,9.10632,147.6362
0.09987,10.6064,8.64086,116.3934
0.1613,11.2233,8.58279,172.5632
0.12877,10.8218,8.62048,129.72
0.06213,9.9405,8.57995,88.8467
0.13034,11.2321,8.93211,133.0621
0.08201,10.3237,8.43134,57.6954
0.0953,10.6265,8.96538,156.2738
0.06318,10.714,9.02744,170.3313
0.08214,10.7416,8.60091,148.548
0.17983,11.0931,8.33479,119.6325
0.08234,10.7956,8.78637,133.2061
0.12988,11.0344,8.87977,153.62801
0.06256,11.5281,9.19227,209.4373
0.06284,10.6969,8.75643,123.1711
0.13034,10.9343,8.71529,142.90559
0.1305,10.7314,8.72292,163.7421
0.09424,10.6292,8.65952,138.3242
0.09527,10.9351,9.27976,197.5928
0.11493,10.9371,8.73403,167.75751
0.06318,10.755,8.76936,135.41879
0.13055,11.0998,8.67751,144.7054
0.17659,11.2799,8.65313,122.9413
0.08232,10.7227,9.17305,179.1499
0.0963,10.7332,8.75204,138.1391
0.096,10.9817,8.87376,141.5002
0.2283,11.262,8.97171,108.2689
0.08125,10.6136,8.52949,131.3362
0.13038,11.1745,8.76294,128.4169
0.09908,10.5877,8.83678,88.4877
0.07754,11.145,8.97365,192.53239
0.13014,10.9983,9.28386,195.08321
0.08025,10.8122,9.01595,146.9872
0.08103,10.8713,8.80378,91.4582
0.13981,11.0898,8.96887,88.7016
0.0851,10.8466,8.97259,161.0963
0.14279,10.9917,8.55135,75.7456
0.097,10.4077,8.43199,140.33141
0.14233,10.6618,8.45994,90.0005
0.10263,10.6137,8.14462,70.5663
0.077,10.5838,8.64529,144.1489
0.10844,10.973,8.74616,144.55409
0.02567,10.5767,8.9267,115.8427
0.02068,10.2847,9.18925,81.5903
0.07852,10.8537,8.90539,170.79691
0.14294,10.7469,8.34767,88.7685
0.07826,11.033,9.28128,187.34599
0.13093,10.9905,8.66999,91.4635
0.08724,10.2216,8.44935,106.3489
0.15804,11.27,8.88976,191.91679
0.0968,11.0748,8.43213,109.7986
0.10445,10.511,8.47335,85.2445
0.06566,10.6731,8.71585,104.5259
0.11268,10.7091,8.63349,81.5868
0.0608,10.6101,8.86595,167.94
0.06415,10.7733,8.76064,164.4727
0.09181,10.6805,8.77144,167.4789
0.08858,10.5931,8.99207,180.20351
0.07915,10.3376,8.46308,116.8703
0.04062,10.4045,8.74059,112.4165
0.09963,10.6953,8.39041,133.35741
0.11142,10.6857,8.75392,76.7001
0.11244,10.8399,8.79672,144.306
0.12844,10.9909,8.61889,79.2687
0.02142,9.4313,8.95715,59.308
0.03711,10.4158,8.75288,93.4476
0.01967,10.3661,8.99676,86.943
0.12191,10.7477,8.42348,112.8509
0.07771,10.5117,8.45555,97.3933
0.1196,10.8084,8.69408,107.7129
0.07081,11.441,9.07921,279.86209
0.0719,10.6487,8.3937,104.2473
0.07037,11.1898,8.66236,129.9118
0.04032,10.6591,8.59572,99.0343
0.07562,10.71,8.86829,162.70531
0.18105,11.12,8.59122,211.209
0.08377,10.3199,8.71268,116.519
0.07509,10.2419,8.4371,127.3446
0.09515,10.4908,8.72813,80.7529
0.07037,10.647,8.70884,91.5426
0.07142,10.7243,8.93139,132.7133
0.08317,10.4369,8.69924,126.5808
0.08188,11.3219,8.84249,219.3766
0.12146,10.9712,8.62692,143.4294
0.0755,10.6989,8.81883,147.8313
0.12087,11.0692,8.8174,195.62061
0.11917,11.2505,9.15612,256.79089
0.17688,11.0351,8.7952,163.27699
0.09965,11.0388,8.97619,229.22729
0.08146,11.056,9.09545,249.9693
0.10005,11.1155,8.96004,121.225
0.20019,11.1856,8.61914,191.1675
0.15767,10.7576,8.57031,125.189
0.12427,10.7074,8.90978,167.86571
0.18494,10.9246,8.90735,199.6443
0.18498,10.9647,8.81292,201.1404
0.12619,11.0306,8.58968,226.3873
0.12461,11.2728,8.81801,236.7498
0.11579,10.6821,8.63189,153.2435
0.18536,11.0284,8.52086,95.399
0.07196,10.9369,8.92718,210.7673
0.07394,11.0245,8.85214,189.59509
0.11705,10.7273,8.86264,150.78551
0.07516,10.9659,8.48944,98.6854
0.07786,10.7549,8.74846,188.82449
0.11442,10.8639,8.78147,190.72861
0.06316,10.8044,8.83486,166.4482
0.12781,10.8847,8.94467,180.38049
0.2037,11.3152,8.6789,197.03619
0.07242,10.5449,8.00657,176.782
0.18251,11.1463,8.41972,143.74519
0.12657,10.7728,8.76899,116.1016
0.07221,10.866,8.79692,154.3968
0.18842,10.9427,8.56436,237.1767
0.11693,10.7836,8.53839,166.496
0.0996,10.8312,8.54248,151.1245
0.12185,10.9483,8.47784,152.2677
0.07908,10.8139,8.82814,170.4476
0.18367,10.8321,8.79078,159.9487
0.05947,10.5456,8.57459,96.0923
0.10169,10.4868,8.58339,156.5844
0.06015,10.4048,8.85602,136.7502
0.08197,10.2676,8.81228,123.2137
0.07944,10.9036,8.88049,150.26711
0.06301,10.2048,8.9398,129.2662
0.11333,10.3631,8.44393,157.2935
0.12953,10.7001,8.67724,187.70641
0.07653,11.1749,9.48473,189.1015
0.07849,10.3404,9.14073,108.3377
0.16987,10.8588,8.57555,181.9068
0.16278,11.4801,8.82234,176.61369
0.15904,11.3137,8.80588,169.494
0.11281,10.9369,8.8142,129.7
0.11778,10.4791,8.62966,139.33859
0.07784,11.2722,8.91229,162.4222
0.07776,11.4714,8.90457,252.84039
0.09549,10.594,8.85862,109.4733
0.03488,10.6254,8.45144,99.1848
0.0955,10.5551,8.37317,40.9867
0.11686,11.148,8.76424,222.56461
0.09757,10.328,8.46867,108.8499
0.15757,10.8784,8.69302,135.33211
0.08228,10.3192,8.88345,82.2312
0.18348,11.5269,8.80689,219.4669
0.08273,10.4082,9.09328,118.4646
0.09367,10.7031,8.86992,151.009
0.07464,11.1546,8.9802,188.08459
0.17349,11.4115,8.95878,266.86639
0.0822,11.0946,8.6912,148.1754
0.18293,11.0041,8.42498,147.9041
0.07608,10.9784,8.77014,137.2312
0.07123,10.6368,9.17333,127.4951
0.18177,11.3074,9.18102,202.00459
0.0746,10.7757,9.2325,156.1003
0.10024,10.7256,8.66645,144.125
0.15355,11.6387,9.11812,291.21689
0.04795,11.0511,9.12311,151.4194
0.13245,11.3358,9.07566,181.2863
0.07286,10.3849,8.91007,118.8583
0.12429,10.7056,9.08174,154.5788
0.04802,10.298,8.95806,90.7408
0.07313,10.8564,9.406,216.4982
0.0785,10.1042,8.82997,73.4221
0.08208,11.0173,9.39751,154.3158
0.1507,11.585,9.08796,246.9176
0.11943,11.264,9.12958,225.0553
0.06637,10.5995,8.85697,137.8082
0.15651,10.9309,8.82015,109.5837
0.1174,10.7354,8.87309,102.159
0.04023,10.8242,9.27755,238.1779
0.03944,10.8335,8.90694,129.694
0.15755,11.2,8.66378,164.5056
0.08694,10.6805,8.88347,116.4184
0.15854,11.1641,9.1006,185.332
0.15677,11.1384,9.32956,222.7986
0.17211,10.8758,9.19983,215.81889
0.13417,10.9704,8.74632,147.4915
0.12399,11.2417,8.9673,158.1087
0.07098,10.3325,8.67636,102.043
0.12013,10.7082,8.53775,120.5593
0.15748,11.4182,8.77444,176.40849
0.15502,11.1618,8.91378,179.59129
0.07272,10.7675,9.01518,116.6175
0.08324,10.7186,8.9685,137.04379
0.13375,10.9843,8.58266,91.0354
0.15495,10.9831,8.93116,123.7869
0.03951,10.1889,8.74417,70.391
0.12295,11.219,8.82395,153.6763
0.12219,10.6379,8.48836,98.1099
0.06856,11.4947,9.09729,235.17281
0.05044,10.4243,9.02633,94.9387
0.06851,10.4731,8.63111,75.1434
0.12337,11.232,8.8691,177.0864
0.07969,10.7024,9.09204,127.7365
0.10791,10.6925,9.09837,122.0379
0.07975,11.5411,9.58272,226.72791
0.15649,10.9754,8.75998,142.2692
0.15615,11.0433,9.14126,250.0674
0.07894,10.7315,9.01335,77.5143
0.0839,10.7782,9.00598,141.17
0.19642,11.1384,8.66897,96.4767
0.03834,10.1996,9.26982,107.7507
0.07933,10.6421,8.52547,61.9435
0.11938,11.2369,8.81205,141.14529
0.07027,10.597,9.15997,96.7885
0.06986,10.8832,8.87331,138.3017
0.07134,10.8694,9.0764,128.14999
0.07142,10.4175,8.81604,90.2996
0.11815,11.1372,8.62065,82.8958
0.12081,10.9317,8.2439,107.0833
0.07898,10.2338,8.77723,74.2692
0.1087,10.9613,8.6139,132.7184
0.18329,11.1577,8.81351,209.2592
0.11556,10.6546,8.47946,88.6249
0.02099,9.5694,8.27765,36.967
0.08227,11.0162,8.61288,165.5676
0.11164,10.6916,8.77464,136.4577
0.1046,10.7448,8.90356,130.0475
0.12006,10.9323,8.94466,151.5811
0.10699,10.2971,8.48735,87.3459
0.0721,10.7545,8.89037,115.4074
0.03363,9.9111,8.59233,47.5899
0.06384,10.1431,8.51235,78.8562
0.11634,10.7211,8.88295,148.04289
0.17602,11.1785,8.71306,98.9118
0.11681,11.1143,8.64282,142.07761
0.11096,10.9724,8.81746,168.2193
0.11704,11.16,9.14526,170.1149
0.07386,10.8628,8.85468,114.9283
0.10811,10.4441,8.30288,54.3251
0.14782,11.0416,8.99423,191.2061
0.11817,10.8649,8.90604,98.1257
0.11831,10.6265,8.53815,136.93649
0.09215,10.7466,8.81674,153.6179
0.1234,10.6887,8.77523,139.7812
0.10355,10.7318,8.78933,135.5463
0.17086,11.0314,8.62494,141.7719
0.10786,10.5825,8.85363,163.0045
0.10245,10.9411,8.68673,96.4409
0.1126,11.0434,8.69397,143.7914
0.11174,10.782,8.81132,134.94031
0.09928,10.7622,8.86546,129.2717
0.17369,11.2559,8.84438,194.51781
0.10722,10.8295,9.15494,600.0
0.07867,10.9737,8.95188,152.42529
0.11304,10.7753,8.85979,127.3594
0.07405,10.9743,8.59442,97.6167
0.09898,10.5099,8.84249,124.6252
0.12668,10.8409,8.85622,109.8613
0.07761,11.0026,8.93761,126.188
0.18541,11.1009,8.79895,205.45081
0.0728,10.3119,8.64992,71.1665
0.09862,11.2516,9.32354,162.0932
0.12024,10.6576,9.00593,75.8058
0.11621,10.9368,8.78754,121.7952
0.28059,11.7241,8.72974,121.9489
0.09209,10.4403,8.69569,105.0594
0.13958,10.8225,8.86244,151.0907
0.11189,10.5876,8.49094,77.0189
0.092,10.5244,8.63297,138.6293
0.11007,11.0328,8.49979,109.0931
0.11279,10.9437,8.8422,163.1758
0.07952,11.0185,9.09644,184.507
0.11533,10.9742,8.49816,138.5681
0.07298,10.6516,8.65575,107.9297
0.09301,10.6335,8.50417,65.2963
0.15766,11.0932,8.8815,201.439
0.11514,10.8963,8.59205,103.1252
0.16855,11.3211,8.91526,218.8493
0.13846,11.3411,9.23946,215.5611
0.15398,11.1197,8.76238,145.0611
0.15332,11.3751,8.75668,180.71001
0.13794,10.8301,9.14298,127.3431
0.11469,10.9049,8.22613,41.4226
0.1568,11.4295,8.98481,268.34549
0.11449,10.7533,8.79192,144.8788
0.1547,11.0247,8.84258,187.0979
0.1349,10.7441,8.63272,114.2985
0.06174,10.6394,8.69362,78.1963
0.1551,11.573,8.88481,269.58411
0.11212,10.8512,8.93453,142.1219
0.11611,11.2854,9.00849,194.3015
0.11274,10.7099,8.61055,136.5831
0.17771,10.9638,8.65045,119.5051
0.07219,10.6165,9.00109,137.5631
0.04202,10.0426,8.12451,38.3229
0.15629,10.9447,8.8338,141.8708
0.28725,11.7291,9.03439,315.07861
0.15735,11.2038,9.05202,178.53259
0.15867,11.1897,9.12635,208.4469
0.15681,11.0479,9.23906,187.15511
0.10754,10.8883,8.7593,114.6251
0.11573,11.0399,8.90927,151.091
0.11112,11.0158,8.72461,131.52921
0.10409,10.7584,8.7479,154.06821
0.1072,10.7527,9.07814,600.0
0.07991,10.9318,9.06343,160.71581
0.23758,11.4853,8.74034,259.858
0.0773,10.8191,9.05382,160.67999
0.0734,10.1483,8.54757,0.0
0.11696,11.1775,8.488,154.47929
0.15845,11.2284,8.80578,182.79269
0.0621,9.9024,8.43393,71.8491
0.07769,10.4379,9.00598,117.1958
0.0833,10.5756,8.98166,130.8083
0.11181,11.0459,9.05842,208.7395
0.15743,11.1343,8.67834,120.4322
0.10826,11.0712,8.90571,135.22929
0.07964,10.2208,8.52737,19.4314
0.07865,10.8408,9.09282,188.2424
0.12011,10.9418,9.09241,188.599
0.10998,10.223,8.54867,81.2539
0.10233,10.8235,8.85723,128.2491
0.11291,10.7986,8.60981,103.2744
0.03097,10.0427,8.62286,76.6276
0.15491,10.8772,8.7585,148.93719
0.07883,11.1823,8.59043,179.1559
0.15358,10.9119,8.43763,37.2065
0.16405,11.3178,8.9285,159.21201
0.11822,10.8548,8.84494,172.41949
0.07819,10.245,8.57722,104.2996
0.07949,10.2236,8.39284,69.4625
0.10497,10.777,8.67054,136.6866
0.0619,10.8963,9.1193,136.18739
0.14968,10.8015,8.78153,163.8875
0.16402,10.8905,8.60186,164.31709
0.10687,11.3843,8.92965,242.6927
0.08118,10.4986,8.72946,93.5587
0.13472,10.9545,8.52178,138.6785
0.09125,10.8834,8.66169,109.1362
0.08984,10.7401,8.59143,151.6778
0.18602,11.017,8.62901,124.2566
0.17052,11.0189,8.94262,159.57001
0.0814,10.0823,8.5129,81.3242
0.06376,10.5005,8.87074,128.46919
0.07516,10.5055,8.64963,90.668
0.15342,10.7793,8.81702,93.3361
0.15122,10.9789,8.61963,100.0288
0.10821,10.7012,8.55135,127.936
0.13942,11.167,9.10031,229.2971
0.13644,10.5701,8.52578,119.3176
0.14182,11.196,8.85767,225.8167
0.14155,10.843,8.76002,139.01489
0.1513,10.9338,9.02398,190.1971
0.16961,11.1614,8.95992,123.0919
0.14392,10.9144,8.95732,177.4155
0.04787,10.2202,8.04386,0.0
0.14297,10.9034,8.73404,152.27029
0.08488,10.5239,8.70203,119.004
0.13832,10.99,8.45544,126.3715
0.20188,11.3232,8.65389,156.0816
0.1087,10.8283,9.01885,153.9948
0.13862,11.2007,8.79148,171.1982
0.06379,10.697,8.74723,143.7072
0.23275,11.4301,8.91674,197.8147
0.13568,11.5181,8.89076,254.49471
0.23267,11.5906,8.99778,242.0594
0.09139,10.4603,8.83545,118.2528
0.09156,10.8928,8.92962,177.1481
0.08012,10.3181,8.35077,94.6708
0.1122,11.1684,8.91605,201.0107
0.11799,10.4264,8.55764,71.5299
0.11025,11.1117,8.90325,165.4006
0.08124,10.5999,8.34166,69.6243
0.07246,10.8368,9.11173,157.3513
0.1457,11.0836,8.9199,171.5735
0.1365,11.0474,8.91787,134.62131
0.07164,10.7023,9.37494,177.8165
0.11754,11.1438,8.95059,217.7117
0.07774,11.0136,8.73176,126.2503
0.07231,10.9006,9.19346,170.84061
0.13389,11.0127,9.05291,206.82179
0.07899,10.4419,8.92836,90.8175
0.11244,11.0136,8.99281,172.7601
0.0718,10.2273,8.3961,66.099
0.11073,10.9764,8.96077,224.1572
0.08054,10.8889,9.11928,165.047
0.07876,10.8244,8.82313,116.1421
0.07939,11.045,8.9987,153.40581
0.16396,10.8736,8.58496,154.4612
0.08433,10.1982,8.73041,118.0601
0.08114,10.5306,8.76138,118.6569
0.20238,11.1053,8.59599,167.30769
0.16416,11.2703,8.88116,194.1886
0.07226,10.3119,8.61374,64.6105
0.08506,10.8538,8.48382,67.6583
0.0312,10.4106,9.23826,147.38451
0.06917,9.9682,8.73834,82.7118
0.09183,10.8915,9.12767,155.427
0.07543,10.5919,8.95422,137.5529
0.14406,10.7997,8.8854,97.5335
0.1389,10.8691,8.9164,145.1098
0.04419,10.5794,8.89158,124.753
0.13805,11.0015,8.94229,133.466
0.07551,10.1772,8.57166,68.6289
0.07649,10.7754,8.86645,171.4789
0.09084,10.5082,8.73555,114.3662
0.0724,10.3713,8.8412,111.5928
0.14716,11.1801,8.97805,180.47971
0.1385,10.8989,8.97036,167.3885
0.11439,11.0043,9.21306,219.83521
0.09075,10.6174,8.71995,109.6715
0.10875,10.7671,8.6134,69.7292
0.10836,10.7299,9.1546,174.6684
0.02281,10.3448,8.73803,107.8613
0.1482,11.3041,8.69424,145.59959
0.08978,10.9189,8.86338,124.3062
0.18031,11.3474,8.70529,219.3045
0.11641,10.9083,8.56563,134.5614
0.07686,10.4827,8.59063,108.3181
0.10868,10.7168,8.80795,114.0424
0.02359,10.3213,8.62968,97.6734
0.11637,10.7253,8.39714,74.8191
0.07249,10.8988,8.91907,136.33881
0.07323,10.0303,8.59248,105.3441
0.11698,10.8816,8.746,172.2637
0.11688,11.4383,8.81235,230.7448
0.14347,11.0099,8.88836,157.6189
0.07333,11.2703,9.16645,190.757
0.02566,10.1084,8.31249,82.3618
0.10775,10.6107,8.80275,120.5169
0.14374,10.8347,8.67833,157.7699
0.1086,10.5098,8.77808,108.9515
0.10886,10.7872,8.89591,165.35291
0.15518,10.7138,8.49301,84.0437
0.17656,11.0851,8.61098,175.6241
0.08204,11.2879,8.66585,136.66701
0.09013,10.6937,8.45378,106.2637
0.08253,10.7105,8.75319,110.1978
0.08324,10.8454,8.98991,184.72211
0.14248,11.0607,8.53811,123.4411
0.09244,10.9692,9.08031,201.8044
0.07164,10.8784,9.09078,157.0845
0.14369,10.8567,8.64653,120.6889
0.13844,11.2975,8.6942,141.80161
0.09073,10.6218,9.39412,252.3232
0.08293,10.5989,9.24415,127.6747
0.08263,11.2388,9.01779,182.2545
0.10774,10.9799,8.6416,103.1885
0.09319,10.7305,8.86727,158.0239
0.12955,10.8375,8.43367,91.5291
0.15555,11.1011,8.99577,178.2886
0.08269,10.3971,8.53334,91.5172
0.08334,10.805,9.08118,162.16679
0.12687,11.3254,9.25271,340.11429
0.09007,10.9367,8.89977,153.70711
0.0912,10.8905,8.97528,188.3887
0.12769,10.773,9.02789,172.72
0.08183,10.466,8.75104,189.3046
0.14594,11.0134,8.85781,138.1736
0.1399,10.9802,8.77239,139.7787
0.07954,10.6337,8.9429,129.35429
0.11819,11.0434,9.05444,170.657
0.02344,10.1719,9.03658,129.8409
0.14396,10.9559,8.73724,149.1888
0.08267,10.4709,8.98876,165.1778
0.12863,10.748,8.52666,118.5436
0.10798,10.9925,8.54361,122.122
0.04841,10.5332,9.16028,161.3936
0.13413,11.2915,9.05923,211.3131
0.0701,10.9033,9.38941,189.0392
0.08177,10.4146,8.60318,117.5039
0.07201,10.8936,9.04048,145.2338
0.14409,11.1251,8.73218,143.9921
0.04733,10.9764,8.92535,97.3473
0.04852,10.2535,8.68526,103.0271
0.0702,10.691,8.57627,87.7931
0.07158,10.9646,8.87442,123.3322
0.16758,11.1501,8.8932,183.7561
0.16912,11.162,9.22054,202.3029
0.04837,10.9429,8.93874,133.88721
0.23612,11.4423,8.91918,230.6306
0.18833,11.3182,8.85454,238.53239
0.10882,11.0169,9.10171,208.1235
0.13844,11.1046,9.09816,217.9019
0.2223,11.3129,9.11344,183.2002
0.13241,11.2182,8.98053,137.4473
0.08179,11.014,9.14919,179.5094
0.07959,10.1383,8.76382,92.3546
0.14524,11.149,8.99699,219.668
0.08141,11.1684,8.9238,216.8904
0.08964,10.2554,8.88011,145.5463
0.13165,11.0043,8.9585,189.3214
0.09018,10.7065,8.72405,126.2546
0.15027,10.8087,8.3137,119.0502
0.02293,10.3348,8.80029,91.957
0.14503,10.6975,8.68852,120.1695
0.14947,11.0655,8.96151,179.88651
0.1385,11.2034,9.15225,193.11
0.14577,11.0172,8.93261,141.3954
0.08996,10.7968,9.05802,147.6194
0.08987,10.3155,8.34822,53.6758
0.08997,10.5748,8.82924,127.0577
0.10841,10.7678,8.90123,126.4733
0.14509,11.1383,8.81659,174.07739
0.19638,11.0292,8.30109,78.2452
0.10755,11.1002,9.07729,149.6301
0.07937,11.333,9.0031,191.5262
0.08338,10.7779,8.89949,125.8539
0.0896,10.3868,8.62804,93.2209
0.08804,10.7673,8.90151,124.0177
0.07093,10.7135,9.12449,133.25101
0.08095,10.9336,8.98435,177.78571
0.08853,11.0522,9.20004,172.3842
0.13824,10.9067,9.05136,140.1792
0.08233,10.8747,9.02775,116.4944
0.08365,10.5538,8.61215,99.0833
0.08234,10.3661,7.98964,68.3935
0.08141,10.6692,8.76457,97.6874
0.08001,10.9109,8.96037,162.3522
0.08848,10.2396,8.74487,91.6181
0.06391,11.352,9.08684,230.6026
0.14275,10.7664,8.76517,111.4817
0.08057,10.9454,8.61493,136.25211
0.08139,10.8234,9.14587,187.80029
0.07226,11.1977,8.91465,139.18941
0.08233,10.6782,8.9309,127.1307
0.15179,10.8764,8.74837,164.4454
0.0889,10.9758,8.8793,158.89571
0.07977,10.564,9.0141,137.8069
0.064,11.1771,9.17015,161.90691
0.08003,10.8525,8.83581,149.8157
0.08943,10.6928,8.48415,99.7125
0.12467,11.248,8.84125,118.1836
0.08187,10.2474,8.71041,69.9906
0.04788,10.0421,8.9164,95.216
0.08455,10.9156,8.94558,221.4153
0.08851,10.7506,9.18174,600.0
0.08145,10.5397,8.94536,148.77409
0.0903,10.5544,8.97875,135.8931
0.08955,11.2508,9.1624,231.0535
0.09046,10.7109,8.61133,108.726
0.08069,10.8058,8.87403,121.6552
0.07204,10.7352,8.77538,135.73531
0.08784,11.157,8.81141,216.1234
0.08896,10.992,8.77957,128.3042
0.0721,10.4906,8.9065,100.563
0.08892,10.7004,8.99382,153.8024
0.38582,12.0333,10.00374,149.4212
0.072,10.3894,9.01415,159.1749
0.08412,10.7386,8.86913,112.9155
0.09007,10.6621,8.83104,146.5966
0.12851,10.1118,8.6387,105.5825
0.07,10.1318,8.78116,139.09669
0.08177,10.7324,8.80024,138.0412
0.06944,10.6492,8.92712,129.1893
0.10822,10.8252,8.71916,157.2209
0.17025,11.078,8.85422,256.6933
0.09636,10.6309,8.38681,62.4163
0.08322,10.5182,8.28482,89.3863
0.18121,10.8394,8.84708,127.2821
0.07061,10.8807,9.01174,169.2937
0.09422,11.0564,8.9949,128.24519
0.08287,11.4357,9.06073,218.6786
0.07918,10.7308,9.0801,139.9325
0.08371,10.8969,8.94787,83.2232
0.08785,10.5871,8.78536,600.0
0.07133,10.5141,8.40422,82.8147
0.07132,10.5448,9.22959,112.8134
0.08373,10.5167,8.85985,106.4959
0.1083,10.926,8.58416,116.3715
0.22018,11.1824,8.85182,227.351
0.1376,11.1228,8.90647,197.2328
0.0831,11.0686,8.65666,147.9071
0.08237,10.6295,8.50698,95.0668
0.08322,10.3334,8.78471,88.4873
0.08207,10.8114,8.92334,136.6989
0.06132,10.0584,8.75345,96.1246
0.08223,10.5763,8.86331,125.7866
0.08416,10.7511,8.87765,108.3592
0.0816,10.4651,8.93464,110.5742
0.0836,10.6449,8.66272,104.7356
0.0856,10.4438,8.34571,73.1711
0.07141,10.9519,9.08771,166.0938
0.08629,10.5973,9.09295,153.8788
0.18838,11.2312,8.63769,154.0891
0.08415,10.7729,8.62493,104.2029
0.08409,10.8381,9.12992,118.1887
0.10826,10.7858,8.60177,94.0435
0.08299,11.169,9.19426,193.48219
0.08364,10.4259,8.89437,132.27
0.13607,11.0986,8.87908,166.1676
0.08339,10.8777,8.98008,175.8997
0.10285,10.4165,8.82061,136.9283
0.08245,11.3005,8.80914,192.5163
0.10399,10.9613,8.82492,159.4765
0.08213,11.3455,8.77627,133.2939
0.11367,10.6865,8.98417,129.4415
0.0721,10.502,8.9179,87.268
0.08871,11.0267,8.82916,152.8676
0.09006,10.6495,8.7195,140.7429
0.0483,10.0037,8.89466,109.0535
0.08456,11.0198,8.44916,129.7251
0.082,11.233,8.86582,159.1189
0.09124,10.4774,8.93286,157.34891
0.12046,10.8871,8.92272,159.1682
0.11681,10.7895,9.10062,155.6433
0.08675,11.1658,9.09203,197.0208
0.12043,10.9269,8.61339,120.6769
0.09013,10.7224,9.22471,203.65961
0.08637,10.9768,8.86143,168.02119
0.24051,11.1534,8.74096,207.1671
0.10726,11.1426,8.39405,128.91879
0.08926,11.0415,8.8416,161.5448
0.08996,10.6483,9.0736,121.3351
0.12901,10.2078,8.48048,137.1459
0.11982,10.6306,8.46541,53.2108
0.09697,10.8746,8.91145,113.4013
0.1469,10.8802,8.85551,171.4687
0.07162,10.7127,9.15688,153.2982
0.08299,10.5615,8.86489,106.3208
0.10802,10.4927,9.06788,125.2711
0.10662,10.7811,8.97703,121.4906
0.13629,11.0441,8.67729,174.4165
0.12194,11.3202,8.9377,195.44231
0.08107,11.2678,8.88258,187.7063
0.12519,10.6975,8.83197,145.9799
0.09489,10.5498,8.89987,79.4597
0.08133,10.8014,9.00789,118.9353
0.08335,10.45,8.76525,97.7698
0.04678,10.7888,9.01463,218.8674
0.12224,10.6027,8.86831,122.4407
0.23791,11.3631,8.83534,233.91451
0.07018,11.1461,9.08779,224.6357
0.10739,10.8576,8.85815,127.3846
0.07561,10.976,8.83004,162.0056
0.15884,11.0294,8.70551,169.5202
0.16679,11.0912,8.69778,157.6871
0.08125,10.7204,8.85739,140.9828
0.08182,10.582,8.97722,148.0153
0.12551,11.2363,9.04612,207.2999
0.07658,10.9727,8.65357,124.1421
0.0994,10.8911,9.00799,109.0725
0.14682,10.7096,8.61707,113.169
0.12448,10.8255,8.66684,78.3016
0.14536,10.8046,8.80511,121.6082
0.11899,11.1249,8.85254,155.0334
0.0748,11.0111,9.24853,166.6048
0.0742,10.43,8.62696,112.4107
0.09076,10.9784,8.87258,149.6729
0.09576,11.1528,8.8715,202.621
0.11301,10.5506,8.39165,118.2805
0.11271,10.7801,8.86206,171.3349
0.18834,11.7267,8.77976,270.53461
0.1777,11.3897,9.05252,232.1665
0.13947,10.8594,8.96619,183.03709
0.08246,10.4391,8.975,194.27609
0.08008,10.8399,8.87611,78.9202
0.11786,10.873,8.76668,139.7532
0.08848,10.4971,8.90985,166.7498
0.0915,10.3764,8.90126,129.90331
0.06375,10.3393,8.52592,115.5845
0.09477,10.6557,8.65233,119.8813
0.08134,10.1717,8.72248,125.0166
0.08411,10.2806,8.88315,118.5483
0.02265,10.194,8.92049,86.5461
0.08154,10.1445,7.96255,108.1965
0.08368,10.7212,8.55513,128.5209
0.08607,10.829,8.8268,162.63699
0.08466,11.1401,8.83017,188.63921
0.10524,10.9217,8.92599,117.7978
0.08334,11.0808,8.96226,198.0643
0.06355,10.2163,8.46811,40.9536
0.08408,10.3884,8.65504,122.7518
0.08834,10.6275,8.89887,183.5359
0.08868,10.4065,8.42329,95.025
0.10559,10.5306,8.43035,102.128
0.08398,10.5291,8.57394,110.9094
0.09438,10.2676,8.75341,67.2142
0.10981,10.7229,8.75681,144.4032
0.19182,11.2474,8.75753,225.93291
0.08419,10.5743,8.8884,119.9668
0.08231,10.652,8.96195,113.4167
0.08432,11.2916,9.23828,263.43411
0.08986,10.5935,9.14136,181.996
0.08422,10.5249,8.39241,21.4181
0.08379,10.7812,8.97853,140.77609
0.2239,11.2627,8.62791,132.5013
0.04067,10.2405,8.47022,64.2135
0.14236,10.8143,8.35735,161.369
0.04682,9.6065,7.74657,70.9986
0.07993,10.4778,9.35677,158.1456
0.1895,11.1976,8.75509,191.1763
0.08363,10.5607,8.86684,144.4456
0.08142,10.3088,8.55334,84.9353
0.08664,10.2133,8.73527,122.5036
0.08133,11.0046,8.98097,196.8631
0.1441,10.8654,8.49536,152.6718
0.14448,11.2957,8.92316,250.17439
0.08194,11.1048,8.99057,193.2394
0.06786,10.7318,9.18558,149.2894
0.09081,10.1459,8.48809,98.8293
0.07052,10.6387,8.81984,138.0219
0.09763,10.6468,8.90344,171.0641
0.18589,10.9063,8.72901,108.2267
0.09756,10.5399,8.65895,123.2595
0.04426,10.6508,9.08623,111.2622
0.13377,10.6206,8.54549,104.6127
0.08982,10.3892,8.81874,116.0854
0.13792,10.6373,8.7872,600.0
0.08174,10.6002,8.54304,104.5547
0.08197,10.6097,8.95742,144.9846
0.09701,10.7341,8.87661,105.8697
0.14079,10.6126,8.183,59.5717
0.1743,10.8567,8.65603,112.7582
0.09028,10.2772,8.05428,69.5231
0.08097,10.8175,9.08689,216.3522
0.12301,10.3644,8.77562,128.39439
0.09069,9.9497,8.39202,81.6219
0.12375,11.1034,8.64681,99.7165
0.08171,10.3066,8.73887,129.8625
0.12289,10.6874,8.74992,125.6649
0.11313,10.7388,8.50918,100.6671
0.09613,10.4619,8.74574,120.8061
0.08166,10.7685,8.8652,156.8432
0.09656,10.5007,8.73199,84.9115
0.08353,10.3758,8.81364,116.2135
0.08136,10.5815,8.78723,119.0471
0.08363,10.4107,8.97559,145.5679
0.21713,11.2228,8.67034,178.5287
0.09252,10.5013,8.49006,158.2155
0.04198,10.8603,8.74205,130.32269
0.06294,10.4531,8.7815,91.1458
0.14129,11.1031,8.97864,167.22189
0.19312,10.983,8.61037,148.52521
0.08027,10.3964,8.65881,121.0342
0.08311,10.3371,8.76992,108.0761
0.08036,10.8807,8.94997,135.6787
0.13988,11.1258,8.69765,158.138
0.08174,10.9646,8.69103,126.6184
0.09896,10.3914,8.52183,198.2207
0.09536,10.6555,8.73573,115.9642
0.09485,10.2505,8.72335,134.2865
0.07875,10.7615,8.80849,133.67551
0.2112,11.0222,8.47693,212.57401
0.08268,10.7695,8.45785,94.027
0.15829,10.8584,9.11802,184.092
0.08554,10.6335,8.85591,145.09779
0.11083,10.6778,8.59132,94.4569
0.18597,10.9198,8.42339,134.8564
0.13665,10.3895,8.29949,146.3219
0.10967,11.1156,8.43995,139.3943
0.11367,10.99,8.9337,186.59689
0.08338,10.7507,8.92848,150.3244
0.08335,10.461,8.73322,123.4948
0.13829,10.9422,8.82701,202.4729
0.11089,10.7373,8.588,132.5752
0.21497,11.2319,8.76925,178.35651
0.08194,10.336,8.72862,108.8236
0.08425,10.6844,8.86635,108.2558
0.08452,10.6154,8.93668,172.86189
0.09477,10.3888,8.73588,100.1544
0.11234,10.8292,8.73917,118.2859
0.07315,10.2316,8.49159,81.0719
0.04728,10.7867,8.25331,95.1086
0.08369,10.5076,8.96798,144.7959
0.08441,10.8431,9.10697,111.7663
0.11138,10.9124,8.80154,162.6055
0.08747,10.7619,8.70005,122.2172
0.11089,11.0678,8.24361,110.1151
0.09468,10.7413,8.93211,142.58389
0.08596,10.8398,9.18227,181.41811
0.09475,11.0149,9.19928,92.8369
0.03935,10.7496,8.4592,108.2153
0.08383,10.5332,9.03023,142.4796
0.12111,10.9583,8.89706,138.5862
0.08244,10.4327,8.70725,93.4803
0.09132,10.6161,8.83783,128.6937
0.08161,10.6266,8.63083,78.9959
0.08447,11.002,8.71945,168.1095
0.08583,10.5064,8.44312,0.0
0.21101,11.2406,8.52666,141.26289
0.06314,10.2639,8.43506,68.9492
0.08818,10.6809,8.63626,65.243
0.08384,10.268,8.62226,73.8529
0.08239,10.6593,8.70304,105.1233
0.13864,11.318,9.16958,229.36909
0.0905,11.4233,9.14415,320.23969
0.13835,10.5386,8.30385,132.72321
0.08457,10.5806,8.63498,104.4283
0.08508,10.2564,8.41901,90.4146
0.12021,10.8533,8.81605,138.2977
0.08015,10.7908,8.50265,115.1319
0.08575,10.7308,8.78333,133.98911
0.09059,10.625,8.99562,107.8191
0.07134,10.6387,8.70729,117.1537
0.06406,10.0815,8.02231,53.4256
0.10297,10.8567,8.69257,106.5064
0.06492,10.3736,8.84115,102.7887
0.14532,11.0044,8.23833,112.3587
0.09298,10.7885,8.76473,145.7346
0.09615,11.0485,9.02362,195.16631
0.0971,10.9022,9.06092,180.8674
0.0811,10.5803,8.76663,100.8855
0.06452,10.9227,9.07898,180.8992
0.07089,10.4621,8.96238,142.7525
0.07112,10.3985,8.56877,93.6127
0.07282,10.5448,8.8522,147.03641
0.21212,11.1849,8.76283,152.25639
0.07918,10.6009,8.97719,138.967
0.07436,10.8226,8.80425,100.9233
0.07425,11.3473,8.92806,196.2737
0.04803,10.6631,8.54008,49.7178
0.07343,10.9159,8.95932,133.7355
0.13828,10.8115,8.73282,149.57581
0.14246,10.546,8.39474,55.7232
0.16025,11.0646,8.74835,180.66051
0.17959,11.2354,8.8735,172.29691
0.15184,11.028,8.58614,170.7997
0.04718,10.16,8.99465,94.6564
0.11127,10.517,8.73956,100.9843
0.08143,10.4347,8.37463,107.2115
0.19711,11.0673,8.92929,187.4095
0.04722,10.7529,8.93821,129.0419
0.18489,11.3754,8.56741,228.6591
0.17971,11.2478,8.87716,129.98981
0.18395,11.0053,8.75203,229.9444
0.02411,9.8856,8.04188,0.0
0.03338,10.3142,9.15512,152.8308
0.15091,11.1911,8.95822,209.6989
0.13985,11.0024,8.96254,207.8932
0.08041,11.2247,9.25815,239.256
0.04817,10.2769,8.75756,77.3754
0.17965,10.9891,8.65054,131.42841
0.12454,10.5861,8.53132,125.5558
0.13782,10.9499,8.88871,172.05431
0.02394,9.7401,9.19299,100.9836
0.04773,10.5234,8.30998,44.0608
0.1115,10.8841,8.91656,153.3963
0.07792,10.0825,8.179,14.3206
0.07985,11.2658,8.79558,225.5717
0.07882,11.0833,8.89405,192.4903
0.16064,11.2451,8.80189,145.2298
0.16012,11.0121,8.68188,171.4883
0.10366,10.7979,9.1318,239.9584
0.08498,10.6173,8.55949,93.7224
0.10721,10.6123,8.47338,91.7879
0.08374,10.8342,9.09114,218.7276
0.06316,10.2312,8.58286,38.1062
0.08362,10.4729,8.89726,167.8318
0.07544,11.4105,9.21264,286.41641
0.09242,10.4218,8.68462,148.9308
0.09257,10.4167,8.97506,113.965
0.07496,10.9894,8.47828,93.0495
0.08302,10.6276,8.4641,110.7468
0.18036,11.0725,8.84468,220.4798
0.04526,9.9454,8.66199,95.6263
0.12817,10.7017,8.59327,107.4713
0.11569,11.0148,8.60807,168.31979
0.07563,10.4441,9.14533,155.1671
0.10738,10.493,8.52241,73.5865
0.0948,10.8003,8.88967,133.73
0.08482,11.0042,9.09565,202.2074
0.11188,10.677,9.05451,164.0383
0.09294,10.6703,8.99757,133.7314
0.17677,11.0324,8.70605,154.1049
0.17365,10.9767,8.63315,125.9553
0.07441,10.7026,8.93363,129.8511
0.08135,11.0385,8.66797,155.18671
0.08195,10.8144,8.53577,87.2589
0.08432,11.0592,9.11889,216.9864
0.10924,10.9222,9.06942,170.7473
0.17035,11.0353,8.62904,93.8927
0.08688,10.3937,8.82494,123.6816
0.10557,10.6062,8.8563,122.4984
0.22086,11.5068,8.97378,239.56531
0.0822,10.5726,9.15844,170.40781
0.11022,10.7918,8.94639,141.4431
0.08171,11.3946,8.76124,256.12579
0.08135,10.8002,8.68986,130.91029
0.08791,10.7289,9.19032,159.7135
0.08231,10.3902,8.78593,108.5276
0.08887,10.7151,8.63272,105.6963
0.11027,10.8025,8.76801,129.6931
0.11089,10.5793,8.297,119.3247
0.11009,11.0858,9.02419,200.3015
0.0858,10.9632,8.62353,95.4855
0.08231,10.4822,8.60108,88.2735
0.08246,10.5075,8.85335,52.3102
0.08077,10.7215,8.69602,109.9021
0.08392,10.2456,8.48089,0.0
0.04758,11.085,9.34641,285.39481
0.1097,10.8074,8.87724,89.9235
0.11727,11.0387,8.91277,180.40939
0.08188,11.4652,9.41247,288.39581
0.03769,9.9489,8.14387,73.7774
0.08326,10.1119,8.47778,100.6497
0.10988,11.601,8.97523,293.1579
0.11035,10.7386,8.3565,89.1475
0.10701,10.5624,8.79634,91.8062
0.03347,10.8752,8.98066,96.1189
0.10797,10.8803,8.78548,140.8479
0.0729,10.8979,8.72926,102.5154
0.15817,11.1743,8.96873,196.5666
0.08039,10.6111,8.61941,131.5575
0.07882,10.8115,9.11412,132.1615
0.05381,10.811,8.95119,126.3966
0.08058,11.4721,8.751,177.36259
0.07549,10.7537,8.85927,75.4929
0.078,11.1838,9.25556,235.6698
0.21385,11.4597,8.55769,187.24741
0.04844,10.3925,9.08541,115.7558
0.02406,9.8354,9.08137,83.8987
0.0769,10.3862,8.56148,109.6938
0.0736,10.9442,8.56684,110.4616
0.07416,10.4358,8.85025,128.9332
0.07892,10.8743,8.65377,102.8416
0.1107,10.9928,8.96178,189.4984
0.11123,10.7051,8.78305,105.1817